Individual_Match No,Player,Team,Opp_Team,RH/LH,Match_Type,Ground,Role,Runs,Wickets,Dream11_ Points,Dismissal
M1,MS Dhoni,CSK,MI,RH,Chasing,Sheikh Zayed,WK,0,,20,NO
M1,Watson,CSK,MI,RH,Chasing,Sheikh Zayed,BAT,4,,17,LBW
M1,Rayudu,CSK,MI,RH,Chasing,Sheikh Zayed,BAT,71,,95,CAUGHT
M1,Du Plesis,CSK,MI,RH,Chasing,Sheikh Zayed,BAT,58,,100,NO
M1,Vijay,CSK,MI,RH,Chasing,Sheikh Zayed,BAT,1,,5,LBW
M1,Jadeja,CSK,MI,LH,Chasing,Sheikh Zayed,ALL,10,2,62,LBW
M1,Sam Curran,CSK,MI,LH,Chasing,Sheikh Zayed,ALL,18,1,68,CAUGHT
M1,Piyush Chawla,CSK,MI,LH,Chasing,Sheikh Zayed,BALL,,1,31,
M1,Deepak Chahar,CSK,MI,RH,Chasing,Sheikh Zayed,BALL,,2,54,
M1,Ngidi,CSK,MI,RH,Chasing,Sheikh Zayed,BALL,,3,77,
M1,Jadhav,CSK,MI,RH,Chasing,Sheikh Zayed,BAT,,,4,
M1,Rohit Sharma,MI,CSK,RH,Defending,Sheikh Zayed,BAT,12,,18,CAUGHT
M1,De Kock,MI,CSK,LH,Defending,Sheikh Zayed,WK,33,,42,CAUGHT
M1,S.Yadav,MI,CSK,RH,Defending,Sheikh Zayed,BAT,17,,23,CAUGHT
M1,Saurabh Tiwary,MI,CSK,LH,Defending,Sheikh Zayed,BAT,42,,51,CAUGHT
M1,Hardik Pandya,MI,CSK,RH,Defending,Sheikh Zayed,ALL,14,,22,CAUGHT
M1,Kieron Pollard,MI,CSK,RH,Defending,Sheikh Zayed,ALL,18,,25,CAUGHT
M1,Krunal Pandya,MI,CSK,LH,Defending,Sheikh Zayed,ALL,3,1,30,CAUGHT
M1,Pattinson,MI,CSK,RH,Defending,Sheikh Zayed,BALL,11,1,50,CAUGHT
M1,Rahul Chahar,MI,CSK,RH,Defending,Sheikh Zayed,BALL,2,1,37,NO
M1,Boult,MI,CSK,LH,Defending,Sheikh Zayed,BALL,0,1,29,BOLD
M1,Bumrah,MI,CSK,RH,Defending,Sheikh Zayed,BALL,5,1,30,NO
M1,P.Shaw,DC,KXIP,RH,Defending,Dubai,BAT,5,,26,CAUGHT
M1,Shikhar Dhawan,DC,KXIP,LH,Defending,Dubai,BAT,0,,2,RUNOUT
M1,Hetmeyer,DC,KXIP,LH,Defending,Dubai,BAT,7,,16,CAUGHT
M1,Shreyas Iyer,DC,KXIP,RH,Defending,Dubai,BAT,39,,57,CAUGHT
M1,Rishabh Pant,DC,KXIP,LH,Defending,Dubai,WK,31,,47,BOLD
M1,Marcus Stoinis,DC,KXIP,RH,Defending,Dubai,ALL,53,2,126,RUNOUT
M1,Axar Patel,DC,KXIP,LH,Defending,Dubai,ALL,6,1,41,CAUGHT
M1,Ashwin,DC,KXIP,RH,Defending,Dubai,BALL,4,2,58,CAUGHT
M1,Rabada,DC,KXIP,LH,Defending,Dubai,BALL,0,2,62,NO
M1,Nortje,DC,KXIP,RH,Defending,Dubai,BALL,3,0,7,NO
M1,Mohit Sharma,DC,KXIP,RH,Defending,Dubai,BALL,,1,23,
M1,KL Rahul,KXIP,DC,RH,Chasing,Dubai,WK,21,,49,BOLD
M1,Mayank Agarwal,KXIP,DC,RH,Chasing,Dubai,BAT,89,,124,CAUGHT
M1,Karun Nair,KXIP,DC,RH,Chasing,Dubai,BAT,1,,5,CAUGHT
M1,Nicolas Pooran,KXIP,DC,LH,Chasing,Dubai,WK,0,,8,BOLD
M1,Glenn Maxwell,KXIP,DC,RH,Chasing,Dubai,ALL,1,,5,CAUGHT
M1,Sarfaraz Khan,KXIP,DC,RH,Chasing,Dubai,BAT,12,,18,CAUGHT
M1,Gowtham,KXIP,DC,RH,Chasing,Dubai,ALL,20,0,31,CAUGHT
M1,Chris Jordan,KXIP,DC,RH,Chasing,Dubai,BALL,5,0,19,CAUGHT
M1,Mohammed Shami,KXIP,DC,RH,Chasing,Dubai,BALL,0,3,93,
M1,Sheldon Cottrell,KXIP,DC,LH,Chasing,Dubai,BALL,,2,56,
M1,Ravi Bishnoi,KXIP,DC,RH,Chasing,Dubai,BALL,,1,31,
M1,Aaron Finch,RCB,SRH,RH,Defending,Dubai,BAT,29,,38,LBW
M1,Devdutt Padikkal,RCB,SRH,LH,Defending,Dubai,BAT,56,,76,BOLD
M1,Virat Kohli,RCB,SRH,RH,Defending,Dubai,BAT,14,,34,CAUGHT
M1,AB de Villiers,RCB,SRH,RH,Defending,Dubai,BAT,51,,71,RUNOUT
M1,Josh Phillipe,RCB,SRH,RH,Defending,Dubai,WK,1,,11,NO
M1,Shivam Dube,RCB,SRH,LH,Defending,Dubai,ALL,7,2,63,RUNOUT
M1,Umesh Yadav,RCB,SRH,RH,Defending,Dubai,BALL,,0,16,
M1,W Sundar,RCB,SRH,LH,Defending,Dubai,ALL,,0,4,
M1,Navdeep Saini,RCB,SRH,RH,Defending,Dubai,BALL,,2,62,
M1,Dale Steyn,RCB,SRH,RH,Defending,Dubai,BALL,,1,27,
M1,Y Chahal,RCB,SRH,RH,Defending,Dubai,BALL,,3,83,
M1,Warner,SRH,RCB,LH,Chasing,Dubai,BAT,6,,11,RUNOUT
M1,Bairstow,SRH,RCB,RH,Chasing,Dubai,WK,61,,101,BOLD
M1,Manish Pandey,SRH,RCB,RH,Chasing,Dubai,BAT,34,,49,CAUGHT
M1,Vijay Shankar,SRH,RCB,RH,Chasing,Dubai,ALL,0,1,27,BOLD
M1,Mitchell Marsh,SRH,RCB,RH,Chasing,Dubai,ALL,0,0,2,CAUGHT
M1,Priyam Garg,SRH,RCB,RH,Chasing,Dubai,BAT,12,,17,BOLD
M1,Abhishek Sharma,SRH,RCB,LH,Chasing,Dubai,BAT,7,1,37,RUNOUT
M1,Rashid Khan,SRH,RCB,RH,Chasing,Dubai,BALL,6,0,19,BOLD
M1,Bhuvaneshwar Kumar,SRH,RCB,RH,Chasing,Dubai,BALL,0,0,4,BOLD
M1,Sandeep Sharma,SRH,RCB,RH,Chasing,Dubai,BALL,9,0,12,CAUGHT
M1,Natarajan,SRH,RCB,LH,Chasing,Dubai,BALL,3,1,32,NO
M1,Yashasvi Jaiswal,RR,CSK,LH,Defending,Sharjah,BAT,6,,11,CAUGHT
M1,Steve Smith,RR,CSK,RH,Defending,Sharjah,BAT,69,,93,CAUGHT
M1,Sanju Samson,RR,CSK,RH,Defending,Sharjah,WK,74,,145,CAUGHT
M1,David Miller,RR,CSK,LH,Defending,Sharjah,BAT,0,,2,RUNOUT
M1,Robin Uthappa,RR,CSK,RH,Defending,Sharjah,BAT,5,,9,CAUGHT
M1,Rahul Tewatia,RR,CSK,LH,Defending,Sharjah,ALL,10,3,88,LBW
M1,Riyag Parag,RR,CSK,RH,Defending,Sharjah,ALL,6,,11,CAUGHT
M1,Tom Curran,RR,CSK,RH,Defending,Sharjah,BALL,10,1,42,NO
M1,Jofra Archer,RR,CSK,RH,Defending,Sharjah,BALL,27,1,64,NO
M1,Shreyas Gopal,RR,CSK,RH,Defending,Sharjah,BALL,,1,27,
M1,Jaydev Unadkat,RR,CSK,LH,Defending,Sharjah,BALL,,0,0,
M2,MS Dhoni,CSK,RR,RH,Chasing,Sharjah,WK,29,,47,NO
M2,Watson,CSK,RR,RH,Chasing,Sharjah,BAT,33,,46,LBW
M2,Rituraj Gaikwad,CSK,RR,RH,Chasing,Sharjah,BAT,0,,8,STUMPING
M2,Du Plesis,CSK,RR,RH,Chasing,Sharjah,BAT,72,,107,CAUGHT
M2,Vijay,CSK,RR,RH,Chasing,Sharjah,BAT,21,,28,CAUGHT
M2,Jadeja,CSK,RR,LH,Chasing,Sharjah,ALL,1,0,3,NO
M2,Sam Curran,CSK,RR,LH,Chasing,Sharjah,ALL,17,3,101,STUMPING
M2,Piyush Chawla,CSK,RR,LH,Chasing,Sharjah,BALL,,1,23,
M2,Deepak Chahar,CSK,RR,RH,Chasing,Sharjah,BALL,,1,45,
M2,Ngidi,CSK,RR,RH,Chasing,Sharjah,BALL,,1,23,
M2,Jadhav,CSK,RR,RH,Chasing,Sharjah,BAT,22,,43,CAUGHT
M2,Rohit Sharma,MI,KKR,RH,Defending,Sheikh Zayed,BAT,80,,107,CAUGHT
M2,De Kock,MI,KKR,LH,Defending,Sheikh Zayed,WK,1,,33,CAUGHT
M2,S.Yadav,MI,KKR,RH,Defending,Sheikh Zayed,BAT,47,,59,RUNOUT
M2,Saurabh Tiwary,MI,KKR,LH,Defending,Sheikh Zayed,BAT,21,,28,CAUGHT
M2,Hardik Pandya,MI,KKR,RH,Defending,Sheikh Zayed,ALL,18,,50,HITWICKET
M2,Kieron Pollard,MI,KKR,RH,Defending,Sheikh Zayed,ALL,13,1,51,NO
M2,Krunal Pandya,MI,KKR,LH,Defending,Sheikh Zayed,ALL,1,,5,NO
M2,Pattinson,MI,KKR,RH,Defending,Sheikh Zayed,BALL,,2,54,
M2,Rahul Chahar,MI,KKR,RH,Defending,Sheikh Zayed,BALL,,2,54,
M2,Boult,MI,KKR,LH,Defending,Sheikh Zayed,BALL,,2,62,
M2,Bumrah,MI,KKR,RH,Defending,Sheikh Zayed,BALL,,2,54,
M1,Sunil Narine,KKR,MI,LH,Chasing,Sheikh Zayed,ALL,7,1,48,CAUGHT
M1,Shubman Gill,KKR,MI,RH,Chasing,Sheikh Zayed,BAT,9,,10,CAUGHT
M1,Nitish Rana,KKR,MI,LH,Chasing,Sheikh Zayed,ALL,24,,32,CAUGHT
M1,Eoin Morgan,KKR,MI,LH,Chasing,Sheikh Zayed,BAT,16,,29,CAUGHT
M1,Dinesh Karthik,KKR,MI,RH,Chasing,Sheikh Zayed,WK,30,,39,LBW
M1,Andre Russell,KKR,MI,RH,Chasing,Sheikh Zayed,ALL,11,1,42,BOLD
M1,Nikhil Naik,KKR,MI,RH,Chasing,Sheikh Zayed,BAT,1,,13,CAUGHT
M1,Pat Cummins,KKR,MI,RH,Chasing,Sheikh Zayed,BALL,33,,56,CAUGHT
M1,Kuldeep Yadav,KKR,MI,LH,Chasing,Sheikh Zayed,BALL,1,,3,NO
M1,Sandeep Warrier,KKR,MI,RH,Chasing,Sheikh Zayed,BALL,,,-2,
M1,Shivam Mavi,KKR,MI,RH,Chasing,Sheikh Zayed,BALL,9,2,72,STUMPING
M2,KL Rahul,KXIP,RCB,RH,Defending,Dubai,WK,132,,180,NO
M2,Mayank Agarwal,KXIP,RCB,RH,Defending,Dubai,BAT,26,,42,BOLD
M2,Nicolas Pooran,KXIP,RCB,LH,Defending,Dubai,WK,17,,22,CAUGHT
M2,Glenn Maxwell,KXIP,RCB,RH,Defending,Dubai,ALL,5,1,36,CAUGHT
M2,Karun Nair,KXIP,RCB,RH,Defending,Dubai,BAT,15,,21,NO
M2,Sarfaraz Khan,KXIP,RCB,RH,Defending,Dubai,BAT,,,12,
M2,James Neesham,KXIP,RCB,LH,Defending,Dubai,ALL,,,4,
M2,Murugan Ashwin,KXIP,RCB,RH,Defending,Dubai,BALL,,3,79,
M2,Mohammed Shami,KXIP,RCB,RH,Defending,Dubai,BALL,,1,33,
M2,Sheldon Cottrell,KXIP,RCB,LH,Defending,Dubai,BALL,,2,56,
M2,Ravi Bishnoi,KXIP,RCB,RH,Defending,Dubai,BALL,,3,95,
M2,Aaron Finch,RCB,KXIP,RH,Chasing,Dubai,BAT,20,,35,BOLD
M2,Devdutt Padikkal,RCB,KXIP,LH,Chasing,Dubai,BAT,1,,5,CAUGHT
M2,Virat Kohli,RCB,KXIP,RH,Chasing,Dubai,BAT,1,,5,CAUGHT
M2,AB de Villiers,RCB,KXIP,RH,Chasing,Dubai,BAT,28,,46,CAUGHT
M2,Josh Phillipe,RCB,KXIP,RH,Chasing,Dubai,WK,0,,2,LBW
M2,Shivam Dube,RCB,KXIP,LH,Chasing,Dubai,ALL,12,2,64,BOLD
M2,Umesh Yadav,RCB,KXIP,RH,Chasing,Dubai,BALL,0,0,-2,BOLD
M2,W Sundar,RCB,KXIP,LH,Chasing,Dubai,ALL,30,0,38,CAUGHT
M2,Navdeep Saini,RCB,KXIP,RH,Chasing,Dubai,BALL,6,0,9,BOLD
M2,Dale Steyn,RCB,KXIP,RH,Chasing,Dubai,BALL,1,0,-1,NO
M2,Y Chahal,RCB,KXIP,RH,Chasing,Dubai,BALL,1,1,30,LBW
M3,MS Dhoni,CSK,DC,RH,Chasing,Sharjah,WK,15,,41,CAUGHT
M3,Watson,CSK,DC,RH,Chasing,Sharjah,BAT,14,,21,CAUGHT
M3,Rituraj Gaikwad,CSK,DC,RH,Chasing,Sharjah,BAT,5,,5,RUNOUT
M3,Du Plesis,CSK,DC,RH,Chasing,Sharjah,BAT,43,,51,CAUGHT
M3,Vijay,CSK,DC,RH,Chasing,Sharjah,BAT,10,,13,CAUGHT
M3,Jadeja,CSK,DC,LH,Chasing,Sharjah,ALL,12,0,13,NO
M3,Sam Curran,CSK,DC,LH,Chasing,Sharjah,ALL,1,1,30,NO
M3,Piyush Chawla,CSK,DC,LH,Chasing,Sharjah,BALL,,2,54,
M3,Deepak Chahar,CSK,DC,RH,Chasing,Sharjah,BALL,,0,2,
M3,Josh Hazlewood,CSK,DC,RH,Chasing,Sharjah,BALL,,0,4,
M3,Jadhav,CSK,DC,RH,Chasing,Sharjah,BAT,26,,33,
M2,P.Shaw,DC,CSK,RH,Defending,Dubai,BAT,64,,87,STUMPING
M2,Shikhar Dhawan,DC,CSK,LH,Defending,Dubai,BAT,35,,44,LBW
M2,Hetmeyer,DC,CSK,LH,Defending,Dubai,BAT,,,12,
M2,Shreyas Iyer,DC,CSK,RH,Defending,Dubai,BAT,26,,31,CAUGHT
M2,Rishabh Pant,DC,CSK,LH,Defending,Dubai,WK,37,,68,NO
M2,Marcus Stoinis,DC,CSK,RH,Defending,Dubai,ALL,5,,10,NO
M2,Axar Patel,DC,CSK,LH,Defending,Dubai,ALL,,1,39,
M2,Amit Mishra,DC,CSK,RH,Defending,Dubai,BALL,,0,14,
M2,Rabada,DC,CSK,RH,Defending,Dubai,BALL,,3,87,
M2,Nortje,DC,CSK,RH,Defending,Dubai,BALL,,2,56,
M2,Avesh Khan,DC,CSK,RH,Defending,Dubai,BALL,,0,0,
M2,Warner,SRH,KKR,LH,Defending,Sheikh Zayed,BAT,36,,52,CAUGHT
M2,Bairstow,SRH,KKR,RH,Defending,Sheikh Zayed,WK,5,,5,BOLD
M2,Manish Pandey,SRH,KKR,RH,Defending,Sheikh Zayed,BAT,51,,70,CAUGHT
M2,W Saha,SRH,KKR,RH,Defending,Sheikh Zayed,WK,30,,45,RUNOUT
M2,Priyam Garg,SRH,KKR,RH,Defending,Sheikh Zayed,BAT,,,4,
M2,Abhishek Sharma,SRH,KKR,LH,Defending,Sheikh Zayed,BAT,2,0,6,NO
M2,Rashid Khan,SRH,KKR,RH,Defending,Sheikh Zayed,BALL,,1,29,
M2,Bhuvaneshwar Kumar,SRH,KKR,RH,Defending,Sheikh Zayed,BALL,,0,2,
M2,Khaleel Ahmed,SRH,KKR,LH,Defending,Sheikh Zayed,BALL,,1,27,
M2,Natarajan,SRH,KKR,LH,Defending,Sheikh Zayed,BALL,,1,27,
M2,Sunil Narine,KKR,SRH,LH,Chasing,Sheikh Zayed,ALL,0,0,2,CAUGHT
M2,Shubman Gill,KKR,SRH,RH,Chasing,Sheikh Zayed,BAT,70,,91,NO
M2,Nitish Rana,KKR,SRH,LH,Chasing,Sheikh Zayed,ALL,26,,36,CAUGHT
M2,Eoin Morgan,KKR,SRH,LH,Chasing,Sheikh Zayed,BAT,42,,53,NO
M2,Dinesh Karthik,KKR,SRH,RH,Chasing,Sheikh Zayed,WK,0,,8,LBW
M2,Andre Russell,KKR,SRH,RH,Chasing,Sheikh Zayed,ALL,,1,37,
M2,Kamlesh Nagarkoti,KKR,SRH,RH,Chasing,Sheikh Zayed,BALL,,0,4,
M2,Pat Cummins,KKR,SRH,RH,Chasing,Sheikh Zayed,BALL,,1,39,
M2,Kuldeep Yadav,KKR,SRH,LH,Chasing,Sheikh Zayed,BALL,,0,4,
M2,Varun Chakravarthy,KKR,SRH,RH,Chasing,Sheikh Zayed,BALL,,1,37,
M2,Shivam Mavi,KKR,SRH,RH,Chasing,Sheikh Zayed,BALL,,0,4,
M2,Jos Butler,RR,KXIP,RH,Chasing,Sharjah,WK,4,,8,CAUGHT
M2,Steve Smith,RR,KXIP,RH,Chasing,Sharjah,BAT,50,,73,CAUGHT
M2,Sanju Samson,RR,KXIP,RH,Chasing,Sharjah,WK,85,,123,CAUGHT
M2,Robin Uthappa,RR,KXIP,RH,Chasing,Sharjah,BAT,9,,15,CAUGHT
M2,Rahul Tewatia,RR,KXIP,LH,Chasing,Sharjah,ALL,53,0,79,CAUGHT
M2,Riyag Parag,RR,KXIP,RH,Chasing,Sharjah,ALL,0,,2,BOLD
M2,Tom Curran,RR,KXIP,RH,Chasing,Sharjah,BALL,4,1,30,NO
M2,Jofra Archer,RR,KXIP,RH,Chasing,Sharjah,BALL,13,0,15,NO
M2,Shreyas Gopal,RR,KXIP,RH,Chasing,Sharjah,BALL,,0,8,
M2,Jaydev Unadkat,RR,KXIP,LH,Chasing,Sharjah,BALL,,0,2,
M2,Ankit Rajpoot,RR,KXIP,RH,Chasing,Sharjah,BALL,,1,27,
M3,KL Rahul,KXIP,RR,RH,Defending,Sharjah,WK,69,,98,CAUGHT
M3,Mayank Agarwal,KXIP,RR,RH,Defending,Sharjah,BAT,106,,158,CAUGHT
M3,Nicolas Pooran,KXIP,RR,LH,Defending,Sharjah,WK,25,,44,NO
M3,Glenn Maxwell,KXIP,RR,RH,Defending,Sharjah,ALL,13,0,17,NO
M3,Karun Nair,KXIP,RR,RH,Defending,Sharjah,BAT,,,4,
M3,Sarfaraz Khan,KXIP,RR,RH,Defending,Sharjah,BAT,,,12,
M3,James Neesham,KXIP,RR,LH,Defending,Sharjah,ALL,,1,27,
M3,Murugan Ashwin,KXIP,RR,RH,Defending,Sharjah,BALL,,1,29,
M3,Mohammed Shami,KXIP,RR,RH,Defending,Sharjah,BALL,,3,81,
M3,Sheldon Cottrell,KXIP,RR,LH,Defending,Sharjah,BALL,,1,23,
M3,Ravi Bishnoi,KXIP,RR,RH,Defending,Sharjah,BALL,,0,4,
M3,Devdutt Padikkal,RCB,MI,LH,Defending,Dubai,BAT,54,,83,CAUGHT
M3,Aaron Finch,RCB,MI,RH,Defending,Dubai,BAT,52,,73,CAUGHT
M3,Virat Kohli,RCB,MI,RH,Defending,Dubai,BAT,3,,1,CAUGHT
M3,AB de Villiers,RCB,MI,RH,Defending,Dubai,WK,55,,87,NO
M3,Shivam Dube,RCB,MI,LH,Defending,Dubai,ALL,27,,38,NO
M3,W Sundar,RCB,MI,LH,Defending,Dubai,ALL,,1,35,
M3,Isuru Udana,RCB,MI,LH,Defending,Dubai,BALL,,2,48,
M3,Gurkeerat Singh,RCB,MI,RH,Defending,Dubai,ALL,,,4,
M3,Navdeep Saini,RCB,MI,RH,Defending,Dubai,BALL,,0,0,
M3,Adam Zampa,RCB,MI,RH,Defending,Dubai,BALL,,1,23,
M3,Y Chahal,RCB,MI,RH,Defending,Dubai,BALL,,1,23,
M3,Rohit Sharma,MI,RCB,RH,Chasing,Dubai,BAT,8,,22,CAUGHT
M3,De Kock,MI,RCB,LH,Chasing,Dubai,WK,14,,19,CAUGHT
M3,S.Yadav,MI,RCB,RH,Chasing,Dubai,BAT,0,,2,CAUGHT
M3,Ishan Kishan,MI,RCB,LH,Chasing,Dubai,WK,99,,131,CAUGHT
M3,Hardik Pandya,MI,RCB,RH,Chasing,Dubai,ALL,15,,21,CAUGHT
M3,Kieron Pollard,MI,RCB,RH,Chasing,Dubai,ALL,60,0,101,NO
M3,Krunal Pandya,MI,RCB,LH,Chasing,Dubai,ALL,0,0,4,NO
M3,Pattinson,MI,RCB,RH,Chasing,Dubai,BALL,,0,-2,
M3,Rahul Chahar,MI,RCB,RH,Chasing,Dubai,BALL,,1,29,
M3,Boult,MI,RCB,LH,Chasing,Dubai,BALL,,2,54,
M3,Bumrah,MI,RCB,RH,Chasing,Dubai,BALL,,0,0,
M3,Warner,SRH,DC,LH,Defending,Sheikh Zayed,BAT,45,,56,CAUGHT
M3,Bairstow,SRH,DC,RH,Defending,Sheikh Zayed,WK,53,,85,CAUGHT
M3,Manish Pandey,SRH,DC,RH,Defending,Sheikh Zayed,BAT,3,,15,CAUGHT
M3,Kane Williamson,SRH,DC,RH,Defending,Sheikh Zayed,BAT,41,,50,CAUGHT
M3,Abdul Samad,SRH,DC,RH,Defending,Sheikh Zayed,BAT,12,,27,NO
M3,Abhishek Sharma,SRH,DC,LH,Defending,Sheikh Zayed,ALL,1,0,5,NO
M3,Priyam Garg,SRH,DC,RH,Defending,Sheikh Zayed,BAT,,,12, 
M3,Rashid Khan,SRH,DC,RH,Defending,Sheikh Zayed,BALL,,3,85,
M3,Bhuvaneshwar Kumar,SRH,DC,RH,Defending,Sheikh Zayed,BALL,,2,54,
M3,Natarajan,SRH,DC,LH,Defending,Sheikh Zayed,BALL,,1,29,
M3,Khaleel Ahmed,SRH,DC,LH,Defending,Sheikh Zayed,BALL,,1,25,
M3,P.Shaw,DC,SRH,RH,Chasing,Sheikh Zayed,BAT,2,,6,CAUGHT
M3,Shikhar Dhawan,DC,SRH,LH,Chasing,Sheikh Zayed,BAT,34,,42,CAUGHT
M3,Hetmeyer,DC,SRH,LH,Chasing,Sheikh Zayed,BAT,21,,29,CAUGHT
M3,Shreyas Iyer,DC,SRH,RH,Chasing,Sheikh Zayed,BAT,17,,23,CAUGHT
M3,Rishabh Pant,DC,SRH,LH,Chasing,Sheikh Zayed,WK,28,,45,CAUGHT
M3,Marcus Stoinis,DC,SRH,RH,Chasing,Sheikh Zayed,ALL,11,0,16,LBW
M3,Axar Patel,DC,SRH,LH,Chasing,Sheikh Zayed,ALL,5,0,17,BOLD
M3,Amit Mishra,DC,SRH,RH,Chasing,Sheikh Zayed,BALL,,2,54,
M3,Rabada,DC,SRH,RH,Chasing,Sheikh Zayed,BALL,15,2,82,NO
M3,Nortje,DC,SRH,RH,Chasing,Sheikh Zayed,BALL,3,0,13,NO
M3,Ishant Sharma,DC,SRH,RH,Chasing,Sheikh Zayed,BALL,,0,4,
M3,Jos Butler,RR,KKR,RH,Chasing,Dubai,WK,21,,38,CAUGHT
M3,Steve Smith,RR,KKR,RH,Chasing,Dubai,BAT,3,,7,CAUGHT
M3,Sanju Samson,RR,KKR,RH,Chasing,Dubai,WK,8,,21,CAUGHT
M3,Robin Uthappa,RR,KKR,RH,Chasing,Dubai,BAT,2,,6,CAUGHT
M3,Rahul Tewatia,RR,KKR,LH,Chasing,Dubai,ALL,14,1,45,BOLD
M3,Riyag Parag,RR,KKR,RH,Chasing,Dubai,ALL,1,0,13,CAUGHT
M3,Tom Curran,RR,KKR,RH,Chasing,Dubai,BALL,54,1,97,NO
M3,Jofra Archer,RR,KKR,RH,Chasing,Dubai,BALL,6,2,74,CAUGHT
M3,Shreyas Gopal,RR,KKR,RH,Chasing,Dubai,BALL,5,0,5,CAUGHT
M3,Jaydev Unadkat,RR,KKR,LH,Chasing,Dubai,BALL,9,1,46,CAUGHT
M3,Ankit Rajpoot,RR,KKR,RH,Chasing,Dubai,BALL,7,1,36,NO
M3,Sunil Narine,KKR,RR,LH,Defending,Dubai,ALL,15,1,54,BOLD
M3,Shubman Gill,KKR,RR,RH,Defending,Dubai,BAT,47,,66,CAUGHT
M3,Nitish Rana,KKR,RR,LH,Defending,Dubai,ALL,22,,30,CAUGHT
M3,Eoin Morgan,KKR,RR,LH,Defending,Dubai,BAT,34,,43,NO
M3,Dinesh Karthik,KKR,RR,RH,Defending,Dubai,WK,1,,21,CAUGHT
M3,Andre Russell,KKR,RR,RH,Defending,Dubai,ALL,24,,34,CAUGHT
M3,Kamlesh Nagarkoti,KKR,RR,RH,Defending,Dubai,BALL,8,2,79,NO
M3,Pat Cummins,KKR,RR,RH,Defending,Dubai,BALL,12,1,46,CAUGHT
M3,Kuldeep Yadav,KKR,RR,LH,Defending,Dubai,BALL,,1,29,
M3,Varun Chakravarthy,KKR,RR,RH,Defending,Dubai,BALL,,2,62,
M3,Shivam Mavi,KKR,RR,RH,Defending,Dubai,BALL,,2,64,
M4,Rohit Sharma,MI,KXIP,RH,Defending,Sheikh Zayed,BAT,70,,96,CAUGHT
M4,De Kock,MI,KXIP,LH,Defending,Sheikh Zayed,WK,0,,10,BOLD
M4,S.Yadav,MI,KXIP,RH,Defending,Sheikh Zayed,BAT,10,,32,RUNOUT
M4,Ishan Kishan,MI,KXIP,LH,Defending,Sheikh Zayed,WK,28,,35,CAUGHT
M4,Hardik Pandya,MI,KXIP,RH,Defending,Sheikh Zayed,ALL,30,,41,NO
M4,Kieron Pollard,MI,KXIP,RH,Defending,Sheikh Zayed,ALL,47,,62,NO
M4,Krunal Pandya,MI,KXIP,LH,Defending,Sheikh Zayed,ALL,,1,29,
M4,Pattinson,MI,KXIP,RH,Defending,Sheikh Zayed,BALL,,2,54,
M4,Rahul Chahar,MI,KXIP,RH,Defending,Sheikh Zayed,BALL,,2,54,
M4,Boult,MI,KXIP,LH,Defending,Sheikh Zayed,BALL,,1,33,
M4,Bumrah,MI,KXIP,RH,Defending,Sheikh Zayed,BALL,,2,58,
M4,KL Rahul,KXIP,MI,RH,Chasing,Sheikh Zayed,WK,17,,22,BOLD
M4,Mayank Agarwal,KXIP,MI,RH,Chasing,Sheikh Zayed,BAT,25,,32,BOLD
M4,Nicolas Pooran,KXIP,MI,LH,Chasing,Sheikh Zayed,WK,44,,55,CAUGHT
M4,Glenn Maxwell,KXIP,MI,RH,Chasing,Sheikh Zayed,ALL,11,,13,CAUGHT
M4,Karun Nair,KXIP,MI,RH,Chasing,Sheikh Zayed,BAT,0,,10,BOLD
M4,Sarfaraz Khan,KXIP,MI,RH,Chasing,Sheikh Zayed,BAT,7,,12,LBW
M4,James Neesham,KXIP,MI,LH,Chasing,Sheikh Zayed,ALL,7,0,13,CAUGHT
M4,Gowtham,KXIP,MI,RH,Chasing,Sheikh Zayed,BALL,22,1,49,NO
M4,Mohammed Shami,KXIP,MI,RH,Chasing,Sheikh Zayed,BALL,2,1,41,NO
M4,Sheldon Cottrell,KXIP,MI,LH,Chasing,Sheikh Zayed,BALL,,1,39,
M4,Ravi Bishnoi,KXIP,MI,RH,Chasing,Sheikh Zayed,BALL,1,0,3,CAUGHT
M4,Warner,SRH,CSK,LH,Defending,Dubai,BAT,28,,43,CAUGHT
M4,Bairstow,SRH,CSK,RH,Defending,Dubai,WK,0,,8,BOLD
M4,Manish Pandey,SRH,CSK,RH,Defending,Dubai,BAT,29,,38,CAUGHT
M4,Kane Williamson,SRH,CSK,RH,Defending,Dubai,BAT,9,,12,RUNOUT
M4,Abdul Samad,SRH,CSK,RH,Defending,Dubai,ALL,8,1,41,NO
M4,Abhishek Sharma,SRH,CSK,LH,Defending,Dubai,ALL,31,0,41,CAUGHT
M4,Priyam Garg,SRH,CSK,RH,Defending,Dubai,BAT,51,,77,NO
M4,Rashid Khan,SRH,CSK,RH,Defending,Dubai,BALL,,0,10,
M4,Bhuvaneshwar Kumar,SRH,CSK,RH,Defending,Dubai,BALL,,1,29,
M4,Natarajan,SRH,CSK,LH,Defending,Dubai,BALL,,2,50,
M4,Khaleel Ahmed,SRH,CSK,LH,Defending,Dubai,BALL,,0,4,
M4,Watson,CSK,SRH,RH,Chasing,Dubai,BAT,1,,5,BOLD
M4,Rayudu,CSK,SRH,RH,Chasing,Dubai,BAT,8,,19,BOLD
M4,Du Plesis,CSK,SRH,RH,Chasing,Dubai,BAT,22,,38,RUNOUT
M4,MS Dhoni,CSK,SRH,RH,Chasing,Dubai,WK,47,,71,NO
M4,Jadeja,CSK,SRH,LH,Chasing,Dubai,ALL,50,0,71,CAUGHT
M4,Sam Curran,CSK,SRH,LH,Chasing,Dubai,ALL,15,0,25,NO
M4,Piyush Chawla,CSK,SRH,LH,Chasing,Dubai,BALL,,1,29,
M4,Deepak Chahar,CSK,SRH,RH,Chasing,Dubai,BALL,,2,54,
M4,Jadhav,CSK,SRH,RH,Chasing,Dubai,BAT,3,,1,CAUGHT
M4,D Bravo,CSK,SRH,RH,Chasing,Dubai,ALL,,0,4,
M4,S Thakur,CSK,SRH,RH,Chasing,Dubai,BALL,,1,29,
M4,Devdutt Padikkal,RCB,RR,LH,Chasing,Sheikh Zayed,BAT,63,,99,BOLD
M4,Aaron Finch,RCB,RR,RH,Chasing,Sheikh Zayed,BAT,8,,22,BOLD
M4,Virat Kohli,RCB,RR,RH,Chasing,Sheikh Zayed,BAT,72,,95,NO
M4,AB de Villiers,RCB,RR,RH,Chasing,Sheikh Zayed,WK,12,,17,NO
M4,Shivam Dube,RCB,RR,LH,Chasing,Sheikh Zayed,ALL,,0,4,
M4,W Sundar,RCB,RR,LH,Chasing,Sheikh Zayed,ALL,,0,6,
M4,Isuru Udana,RCB,RR,LH,Chasing,Sheikh Zayed,BALL,,2,58,
M4,Gurkeerat Singh,RCB,RR,RH,Chasing,Sheikh Zayed,ALL,,,4,
M4,Navdeep Saini,RCB,RR,RH,Chasing,Sheikh Zayed,BALL,,1,35,
M4,Adam Zampa,RCB,RR,RH,Chasing,Sheikh Zayed,BALL,,0,2,
M4,Y Chahal,RCB,RR,RH,Chasing,Sheikh Zayed,BALL,,3,89,
M4,Jos Butler,RR,RCB,RH,Defending,Sheikh Zayed,WK,22,,31,CAUGHT
M4,Steve Smith,RR,RCB,RH,Defending,Sheikh Zayed,BAT,5,,10,BOLD
M4,Sanju Samson,RR,RCB,RH,Defending,Sheikh Zayed,WK,4,,9,CAUGHT
M4,Robin Uthappa,RR,RCB,RH,Defending,Sheikh Zayed,BAT,17,,22,CAUGHT
M4,Rahul Tewatia,RR,RCB,LH,Defending,Sheikh Zayed,ALL,24,0,34,NO
M4,Riyag Parag,RR,RCB,RH,Defending,Sheikh Zayed,ALL,16,0,21,CAUGHT
M4,Tom Curran,RR,RCB,RH,Defending,Sheikh Zayed,BALL,,0,-2,
M4,Jofra Archer,RR,RCB,RH,Defending,Sheikh Zayed,BALL,16,1,52,NO
M4,Shreyas Gopal,RR,RCB,RH,Defending,Sheikh Zayed,BALL,,1,29,
M4,Jaydev Unadkat,RR,RCB,LH,Defending,Sheikh Zayed,BALL,,0,0,
M4,Mahipal Lomror,RR,RCB,LH,Defending,Sheikh Zayed,ALL,47,,58,CAUGHT
M4,P.Shaw,DC,KKR,RH,Defending,Sharjah,BAT,66,,90,CAUGHT
M4,Shikhar Dhawan,DC,KKR,LH,Defending,Sharjah,BAT,26,,44,CAUGHT
M4,Hetmeyer,DC,KKR,LH,Defending,Sharjah,BAT,7,,21,NO
M4,Shreyas Iyer,DC,KKR,RH,Defending,Sharjah,BAT,88,,119,NO
M4,Rishabh Pant,DC,KKR,LH,Defending,Sharjah,WK,38,,57,CAUGHT
M4,Marcus Stoinis,DC,KKR,RH,Defending,Sharjah,ALL,1,0,24,CAUGHT
M4,Ashwin,DC,KKR,RH,Defending,Sharjah,BALL,,0,-2,
M4,Amit Mishra,DC,KKR,RH,Defending,Sharjah,BALL,,1,29,
M4,Rabada,DC,KKR,RH,Defending,Sharjah,BALL,,1,23,
M4,Nortje,DC,KKR,RH,Defending,Sharjah,BALL,,3,87,
M4,H Patel,DC,KKR,RH,Defending,Sharjah,BALL,,2,62,
M4,Sunil Narine,KKR,DC,LH,Chasing,Sharjah,ALL,3,0,1,BOLD
M4,Shubman Gill,KKR,DC,RH,Chasing,Sharjah,BAT,28,,44,CAUGHT
M4,Nitish Rana,KKR,DC,LH,Chasing,Sharjah,ALL,58,,82,CAUGHT
M4,Eoin Morgan,KKR,DC,LH,Chasing,Sharjah,BAT,44,,67,CAUGHT
M4,Dinesh Karthik,KKR,DC,RH,Chasing,Sharjah,WK,6,,10,CAUGHT
M4,Andre Russell,KKR,DC,RH,Chasing,Sharjah,ALL,13,2,70,CAUGHT
M4,Kamlesh Nagarkoti,KKR,DC,RH,Chasing,Sharjah,BALL,3,1,26,NO
M4,Pat Cummins,KKR,DC,RH,Chasing,Sharjah,BALL,5,0,4,CAUGHT
M4,Rahul Tripathi,KKR,DC,RH,Chasing,Sharjah,BAT,36,,49,BOLD
M4,Varun Chakravarthy,KKR,DC,RH,Chasing,Sharjah,BALL,,1,31,
M4,Shivam Mavi,KKR,DC,RH,Chasing,Sharjah,BALL,1,0,7,NO
M5,Rohit Sharma,MI,SRH,RH,Defending,Sharjah,BAT,6,,20,CAUGHT
M5,De Kock,MI,SRH,LH,Defending,Sharjah,WK,67,,99,CAUGHT
M5,S.Yadav,MI,SRH,RH,Defending,Sharjah,BAT,27,,37,CAUGHT
M5,Ishan Kishan,MI,SRH,LH,Defending,Sharjah,WK,31,,48,CAUGHT
M5,Hardik Pandya,MI,SRH,RH,Defending,Sharjah,ALL,28,,46,BOLD
M5,Kieron Pollard,MI,SRH,RH,Defending,Sharjah,ALL,25,0,43,NO
M5,Krunal Pandya,MI,SRH,LH,Defending,Sharjah,ALL,20,1,55,NO
M5,Pattinson,MI,SRH,RH,Defending,Sharjah,BALL,,2,54,
M5,Rahul Chahar,MI,SRH,RH,Defending,Sharjah,BALL,,0,12,
M5,Boult,MI,SRH,LH,Defending,Sharjah,BALL,,2,54,
M5,Bumrah,MI,SRH,RH,Defending,Sharjah,BALL,,2,50,
M5,Warner,SRH,MI,LH,Chasing,Sharjah,BAT,60,,81,CAUGHT
M5,Bairstow,SRH,MI,RH,Chasing,Sharjah,WK,25,,43,CAUGHT
M5,Manish Pandey,SRH,MI,RH,Chasing,Sharjah,BAT,30,,48,CAUGHT
M5,Kane Williamson,SRH,MI,RH,Chasing,Sharjah,BAT,3,0,1,CAUGHT
M5,Abdul Samad,SRH,MI,RH,Chasing,Sharjah,ALL,20,0,23,CAUGHT
M5,Abhishek Sharma,SRH,MI,LH,Chasing,Sharjah,ALL,10,,14,BOLD
M5,Priyam Garg,SRH,MI,RH,Chasing,Sharjah,BAT,8,,12,CAUGHT
M5,Rashid Khan,SRH,MI,RH,Chasing,Sharjah,BALL,3,1,42,NO
M5,Siddarth Kaul,SRH,MI,RH,Chasing,Sharjah,BALL,,2,48,
M5,Natarajan,SRH,MI,LH,Chasing,Sharjah,BALL,,0,12,
M5,Sandeep Sharma,SRH,MI,LH,Chasing,Sharjah,BALL,0,2,50,NO
M5,KL Rahul,KXIP,CSK,RH,Defending,Dubai,WK,63,,84,CAUGHT
M5,Mayank Agarwal,KXIP,CSK,RH,Defending,Dubai,BAT,26,,33,CAUGHT
M5,Nicolas Pooran,KXIP,CSK,LH,Defending,Dubai,WK,33,,44,CAUGHT
M5,Glenn Maxwell,KXIP,CSK,RH,Defending,Dubai,ALL,11,,16,NO
M5,Mandeep Singh,KXIP,CSK,RH,Defending,Dubai,BAT,27,,35,CAUGHT
M5,Sarfaraz Khan,KXIP,CSK,RH,Defending,Dubai,BAT,14,,20,NO
M5,Chris Jordan,KXIP,CSK,LH,Defending,Dubai,ALL,,0,-2,
M5,H Brar,KXIP,CSK,RH,Defending,Dubai,BALL,,0,0,
M5,Mohammed Shami,KXIP,CSK,RH,Defending,Dubai,BALL,,0,2,
M5,Sheldon Cottrell,KXIP,CSK,LH,Defending,Dubai,BALL,,0,2,
M5,Ravi Bishnoi,KXIP,CSK,RH,Defending,Dubai,BALL,,0,4,
M5,Watson,CSK,KXIP,RH,Chasing,Dubai,BAT,83,,112,NO
M5,Rayudu,CSK,KXIP,RH,Chasing,Dubai,BAT,87,,12,
M5,Du Plesis,CSK,KXIP,RH,Chasing,Dubai,BAT,,,112,NO
M5,MS Dhoni,CSK,KXIP,RH,Chasing,Dubai,WK,,,12,
M5,Jadeja,CSK,KXIP,LH,Chasing,Dubai,ALL,,1,37,
M5,Sam Curran,CSK,KXIP,LH,Chasing,Dubai,ALL,,0,8,
M5,Piyush Chawla,CSK,KXIP,LH,Chasing,Dubai,BALL,,1,25,
M5,Deepak Chahar,CSK,KXIP,RH,Chasing,Dubai,BALL,,0,6,
M5,Jadhav,CSK,KXIP,RH,Chasing,Dubai,BAT,,,4,
M5,D Bravo,CSK,KXIP,RH,Chasing,Dubai,ALL,,0,2,
M5,S Thakur,CSK,KXIP,RH,Chasing,Dubai,BALL,,2,52,
M5,P.Shaw,DC,RCB,RH,Defending,Dubai,BAT,42,,55,CAUGHT
M5,Shikhar Dhawan,DC,RCB,LH,Defending,Dubai,BAT,32,,47,CAUGHT
M5,Hetmeyer,DC,RCB,LH,Defending,Dubai,BAT,11,,25,NO
M5,Shreyas Iyer,DC,RCB,RH,Defending,Dubai,BAT,11,,24,CAUGHT
M5,Rishabh Pant,DC,RCB,LH,Defending,Dubai,WK,37,,64,BOLD
M5,Marcus Stoinis,DC,RCB,RH,Defending,Dubai,ALL,53,,83,NO
M5,Ashwin,DC,RCB,RH,Defending,Dubai,BALL,,1,37,
M5,Axar Patel,DC,RCB,LH,Defending,Dubai,ALL,,2,58,
M5,Rabada,DC,RCB,RH,Defending,Dubai,BALL,,4,114,
M5,Nortje,DC,RCB,RH,Defending,Dubai,BALL,,2,56,
M5,H Patel,DC,RCB,RH,Defending,Dubai,BALL,,0,0,
M5,Devdutt Padikkal,RCB,DC,LH,Chasing,Dubai,BAT,4,,16,CAUGHT
M5,Aaron Finch,RCB,DC,RH,Chasing,Dubai,BAT,13,,18,CAUGHT
M5,Virat Kohli,RCB,DC,RH,Chasing,Dubai,BAT,43,,51,CAUGHT
M5,AB de Villiers,RCB,DC,RH,Chasing,Dubai,WK,9,,23,CAUGHT
M5,Shivam Dube,RCB,DC,LH,Chasing,Dubai,ALL,11,,17,BOLD
M5,W Sundar,RCB,DC,LH,Chasing,Dubai,ALL,17,0,26,CAUGHT
M5,Isuru Udana,RCB,DC,LH,Chasing,Dubai,BALL,1,1,28,CAUGHT
M5,Moeen Ali,RCB,DC,LH,Chasing,Dubai,ALL,11,1,45,CAUGHT
M5,Navdeep Saini,RCB,DC,RH,Chasing,Dubai,BALL,12,0,11,NO
M5,Mohammed Siraj,RCB,DC,RH,Chasing,Dubai,BALL,5,2,60,BOLD
M5,Y Chahal,RCB,DC,RH,Chasing,Dubai,BALL,,0,2,
M6,Rohit Sharma,MI,RR,RH,Defending,Sheikh Zayed,BAT,35,,63,CAUGHT
M6,De Kock,MI,RR,LH,Defending,Sheikh Zayed,WK,23,,56,CAUGHT
M6,S.Yadav,MI,RR,RH,Defending,Sheikh Zayed,BAT,79,,106,NO
M6,Ishan Kishan,MI,RR,LH,Defending,Sheikh Zayed,WK,0,,2,CAUGHT
M6,Hardik Pandya,MI,RR,RH,Defending,Sheikh Zayed,ALL,30,,46,NO
M6,Kieron Pollard,MI,RR,RH,Defending,Sheikh Zayed,ALL,,,39,
M6,Krunal Pandya,MI,RR,LH,Defending,Sheikh Zayed,ALL,12,0,14,CAUGHT
M6,Pattinson,MI,RR,RH,Defending,Sheikh Zayed,BALL,,2,56,
M6,Rahul Chahar,MI,RR,RH,Defending,Sheikh Zayed,BALL,,1,29,
M6,Boult,MI,RR,LH,Defending,Sheikh Zayed,BALL,,2,54,
M6,Bumrah,MI,RR,RH,Defending,Sheikh Zayed,BALL,,4,114,
M5,Jos Butler,RR,MI,RH,Chasing,Sheikh Zayed,WK,70,,104,CAUGHT
M5,Steve Smith,RR,MI,RH,Chasing,Sheikh Zayed,BAT,6,,11,CAUGHT
M5,Sanju Samson,RR,MI,RH,Chasing,Sheikh Zayed,WK,0,,10,CAUGHT
M5,Yashasvi Jaiswal,RR,MI,LH,Chasing,Sheikh Zayed,BAT,0,,2,CAUGHT
M5,Rahul Tewatia,RR,MI,LH,Chasing,Sheikh Zayed,ALL,5,0,18,BOLD
M5,Mahipal Lomror,RR,MI,LH,Chasing,Sheikh Zayed,ALL,11,,16,CAUGHT
M5,Tom Curran,RR,MI,RH,Chasing,Sheikh Zayed,BALL,15,0,16,CAUGHT
M5,Jofra Archer,RR,MI,RH,Chasing,Sheikh Zayed,BALL,24,1,58,CAUGHT
M5,Shreyas Gopal,RR,MI,RH,Chasing,Sheikh Zayed,BALL,1,2,63,CAUGHT
M5,K Tyagi,RR,MI,RH,Chasing,Sheikh Zayed,BALL,,1,27,
M5,Ankit Rajpoot,RR,MI,RH,Chasing,Sheikh Zayed,BALL,2,0,0,CAUGHT
M5,Sunil Narine,KKR,CSK,LH,Defending,Sheikh Zayed,ALL,17,1,49,CAUGHT
M5,Rahul Tripathi,KKR,CSK,RH,Defending,Sheikh Zayed,BAT,81,,107,CAUGHT
M5,Shubman Gill,KKR,CSK,RH,Defending,Sheikh Zayed,BAT,11,,24,CAUGHT
M5,Nitish Rana,KKR,CSK,LH,Defending,Sheikh Zayed,ALL,9,,14,CAUGHT
M5,Eoin Morgan,KKR,CSK,LH,Defending,Sheikh Zayed,BAT,7,,18,CAUGHT
M5,Dinesh Karthik,KKR,CSK,RH,Defending,Sheikh Zayed,WK,12,,25,CAUGHT
M5,Andre Russell,KKR,CSK,RH,Defending,Sheikh Zayed,ALL,2,1,29,CAUGHT
M5,Kamlesh Nagarkoti,KKR,CSK,RH,Defending,Sheikh Zayed,BALL,0,1,29,CAUGHT
M5,Pat Cummins,KKR,CSK,RH,Defending,Sheikh Zayed,BALL,17,,24,NO
M5,Varun Chakravarthy,KKR,CSK,RH,Defending,Sheikh Zayed,BALL,1,1,30,RUNOUT
M5,Shivam Mavi,KKR,CSK,RH,Defending,Sheikh Zayed,BALL,0,1,25,CAUGHT
M6,Watson,CSK,KKR,RH,Chasing,Sheikh Zayed,BAT,50,,78,LBW
M6,Rayudu,CSK,KKR,RH,Chasing,Sheikh Zayed,BAT,30,,37,CAUGHT
M6,Du Plesis,CSK,KKR,RH,Chasing,Sheikh Zayed,BAT,17,,40,CAUGHT
M6,MS Dhoni,CSK,KKR,RH,Chasing,Sheikh Zayed,WK,11,,54,BOLD
M6,Jadeja,CSK,KKR,LH,Chasing,Sheikh Zayed,ALL,21,,44,NO
M6,Sam Curran,CSK,KKR,LH,Chasing,Sheikh Zayed,ALL,17,2,74,CAUGHT
M6,Karn Sharma,CSK,KKR,LH,Chasing,Sheikh Zayed,BALL,,2,54,
M6,Deepak Chahar,CSK,KKR,RH,Chasing,Sheikh Zayed,BALL,,0,-2,
M6,Jadhav,CSK,KKR,RH,Chasing,Sheikh Zayed,BAT,7,,8,NO
M6,D Bravo,CSK,KKR,RH,Chasing,Sheikh Zayed,ALL,,3,77,
M6,S Thakur,CSK,KKR,RH,Chasing,Sheikh Zayed,BALL,,2,62,
M6,Warner,SRH,KXIP,LH,Defending,Dubai,BAT,52,,85,CAUGHT
M6,Bairstow,SRH,KXIP,RH,Defending,Dubai,WK,97,,136,LBW
M6,Manish Pandey,SRH,KXIP,RH,Defending,Dubai,BAT,1,,5,CAUGHT
M6,Kane Williamson,SRH,KXIP,RH,Defending,Dubai,BAT,20,,35,NO
M6,Abdul Samad,SRH,KXIP,RH,Defending,Dubai,ALL,8,0,13,CAUGHT
M6,Abhishek Sharma,SRH,KXIP,LH,Defending,Dubai,ALL,12,1,44,CAUGHT
M6,Priyam Garg,SRH,KXIP,RH,Defending,Dubai,BAT,0,,22,CAUGHT
M6,Rashid Khan,SRH,KXIP,RH,Defending,Dubai,BALL,,3,93,
M6,Khaleel Ahmed,SRH,KXIP,LH,Defending,Dubai,BALL,,2,60,
M6,Natarajan,SRH,KXIP,LH,Defending,Dubai,BALL,,2,62,
M6,Sandeep Sharma,SRH,KXIP,LH,Defending,Dubai,BALL,,0,4,
M6,KL Rahul,KXIP,SRH,RH,Chasing,Dubai,WK,11,,13,CAUGHT
M6,Mayank Agarwal,KXIP,SRH,RH,Chasing,Dubai,BAT,9,,14,RUNOUT
M6,Nicolas Pooran,KXIP,SRH,LH,Chasing,Dubai,WK,77,,116,CAUGHT
M6,Glenn Maxwell,KXIP,SRH,RH,Chasing,Dubai,ALL,7,0,17,RUNOUT
M6,Mandeep Singh,KXIP,SRH,RH,Chasing,Dubai,BAT,6,,10,BOLD
M6,Prabhsimran Singh,KXIP,SRH,RH,Chasing,Dubai,WK,11,,17,CAUGHT
M6,Mujeeb Rahman,KXIP,SRH,RH,Chasing,Dubai,BALL,1,0,3,CAUGHT
M6,Arshdeep Singh,KXIP,SRH,LH,Chasing,Dubai,BALL,0,2,70,CAUGHT
M6,Mohammed Shami,KXIP,SRH,RH,Chasing,Dubai,BALL,0,1,27,BOLD
M6,Sheldon Cottrell,KXIP,SRH,LH,Chasing,Dubai,BALL,0,0,0,BOLD
M6,Ravi Bishnoi,KXIP,SRH,RH,Chasing,Dubai,BALL,6,3,84,NO
M6,P.Shaw,DC,RR,RH,Defending,Sharjah,BAT,19,,27,CAUGHT
M6,Shikhar Dhawan,DC,RR,LH,Defending,Sharjah,BAT,5,,18,CAUGHT
M6,Hetmeyer,DC,RR,LH,Defending,Sharjah,BAT,45,,84,CAUGHT
M6,Shreyas Iyer,DC,RR,RH,Defending,Sharjah,BAT,22,,38,RUNOUT
M6,Rishabh Pant,DC,RR,LH,Defending,Sharjah,WK,5,,17,RUNOUT
M6,Marcus Stoinis,DC,RR,RH,Defending,Sharjah,ALL,39,,101,CAUGHT
M6,Ashwin,DC,RR,RH,Defending,Sharjah,BALL,0,2,56,NO
M6,Axar Patel,DC,RR,LH,Defending,Sharjah,ALL,17,1,62,CAUGHT
M6,Rabada,DC,RR,RH,Defending,Sharjah,BALL,2,3,87,NO
M6,Nortje,DC,RR,RH,Defending,Sharjah,BALL,,2,29,
M6,H Patel,DC,RR,RH,Defending,Sharjah,BALL,16,1,46,CAUGHT
M6,Jos Butler,RR,DC,RH,Chasing,Sharjah,WK,13,,27,CAUGHT
M6,Steve Smith,RR,DC,RH,Chasing,Sharjah,BAT,24,,40,CAUGHT
M6,Sanju Samson,RR,DC,RH,Chasing,Sharjah,WK,5,,9,CAUGHT
M6,Yashasvi Jaiswal,RR,DC,LH,Chasing,Sharjah,BAT,34,,63,BOLD
M6,Rahul Tewatia,RR,DC,LH,Chasing,Sharjah,ALL,38,1,98,BOLD
M6,Mahipal Lomror,RR,DC,LH,Chasing,Sharjah,ALL,1,,5,CAUGHT
M6,Jofra Archer,RR,DC,RH,Chasing,Sharjah,BALL,2,3,91,CAUGHT
M6,Shreyas Gopal,RR,DC,RH,Chasing,Sharjah,BALL,2,0,0,CAUGHT
M6,K Tyagi,RR,DC,RH,Chasing,Sharjah,BALL,2,1,31,NO
M6,Rahul Tripathi,KKR,KXIP,RH,Defending,Sheikh Zayed,BAT,4,,3,BOLD
M6,Shubman Gill,KKR,KXIP,RH,Defending,Sheikh Zayed,BAT,57,0,82,RUNOUT
M6,Nitish Rana,KKR,KXIP,LH,Defending,Sheikh Zayed,ALL,2,,14,RUNOUT
M6,Eoin Morgan,KKR,KXIP,LH,Defending,Sheikh Zayed,BAT,24,,32,CAUGHT
M6,Dinesh Karthik,KKR,KXIP,RH,Defending,Sheikh Zayed,WK,58,,82,RUNOUT
M6,Andre Russell,KKR,KXIP,RH,Defending,Sheikh Zayed,ALL,5,,10,CAUGHT
M6,Pat Cummins,KKR,KXIP,RH,Defending,Sheikh Zayed,BALL,5,0,9,NO
M6,Sunil Narine,KKR,KXIP,LH,Defending,Sheikh Zayed,ALL,,2,54,
M6,Kamlesh Nagarkoti,KKR,KXIP,RH,Defending,Sheikh Zayed,BALL,,0,-2,
M6,Varun Chakravarthy,KKR,KXIP,RH,Defending,Sheikh Zayed,BALL,,0,4,
M6,Prasidh Krishna,KKR,KXIP,RH,Defending,Sheikh Zayed,BALL,,3,79,
M7,KL Rahul,KXIP,KKR,RH,Chasing,Sheikh Zayed,WK,74,,92,BOLD
M7,Mayank Agarwal,KXIP,KKR,RH,Chasing,Sheikh Zayed,BAT,56,,76,CAUGHT
M7,Nicolas Pooran,KXIP,KKR,LH,Chasing,Sheikh Zayed,WK,16,,36,BOLD
M7,Prabhsimran Singh,KXIP,KKR,RH,Chasing,Sheikh Zayed,WK,4,,28,CAUGHT
M7,Glenn Maxwell,KXIP,KKR,RH,Chasing,Sheikh Zayed,ALL,10,,24,NO
M7,Mandeep Singh,KXIP,KKR,RH,Chasing,Sheikh Zayed,BAT,0,,8,CAUGHT
M7,Chris Jordan,KXIP,KKR,RH,Chasing,Sheikh Zayed,BALL,0,0,2,NO
M7,Mujeeb Rahman,KXIP,KKR,RH,Chasing,Sheikh Zayed,BALL,,0,0,
M7,Ravi Bishnoi,KXIP,KKR,RH,Chasing,Sheikh Zayed,BALL,,1,29,
M7,Mohammed Shami,KXIP,KKR,RH,Chasing,Sheikh Zayed,BALL,,1,35,
M7,Arshdeep Singh,KXIP,KKR,LH,Chasing,Sheikh Zayed,BALL,,1,37,
M6,Devdutt Padikkal,RCB,CSK,LH,Defending,Dubai,BAT,33,,49,CAUGHT
M6,Aaron Finch,RCB,CSK,RH,Defending,Dubai,BAT,2,,6,BOLD
M6,Virat Kohli,RCB,CSK,RH,Defending,Dubai,BAT,90,,114,NO
M6,AB de Villiers,RCB,CSK,RH,Defending,Dubai,WK,0,,10,CAUGHT
M6,Shivam Dube,RCB,CSK,LH,Defending,Dubai,ALL,22,0,30,NO
M6,W Sundar,RCB,CSK,LH,Defending,Dubai,ALL,10,2,68,CAUGHT
M6,Isuru Udana,RCB,CSK,LH,Defending,Dubai,BALL,,1,29,
M6,Chris Morris,RCB,CSK,RH,Defending,Dubai,ALL,,3,103,
M6,Navdeep Saini,RCB,CSK,RH,Defending,Dubai,BALL,,0,8,
M6,Gurkeerat Singh,RCB,CSK,RH,Defending,Dubai,BALL,,,20,
M6,Y Chahal,RCB,CSK,RH,Defending,Dubai,BALL,,1,29,
M7,Watson,CSK,RCB,RH,Chasing,Dubai,BAT,14,,21,BOLD
M7,Du Plesis,CSK,RCB,RH,Chasing,Dubai,BAT,8,,20,CAUGHT
M7,Rayudu,CSK,RCB,RH,Chasing,Dubai,BAT,42,,50,BOLD
M7,Jagadeesan,CSK,RCB,RH,Chasing,Dubai,WK,33,,41,RUNOUT
M7,MS Dhoni,CSK,RCB,RH,Chasing,Dubai,WK,10,,32,CAUGHT
M7,Sam Curran,CSK,RCB,LH,Chasing,Dubai,ALL,0,1,21,CAUGHT
M7,Jadeja,CSK,RCB,LH,Chasing,Dubai,ALL,7,0,18,CAUGHT
M7,D Bravo,CSK,RCB,RH,Chasing,Dubai,ALL,7,0,9,CAUGHT
M7,Deepak Chahar,CSK,RCB,RH,Chasing,Dubai,BALL,5,1,40,NO
M7,S Thakur,CSK,RCB,RH,Chasing,Dubai,BALL,1,2,53,NO
M7,Karn Sharma,CSK,RCB,LH,Chasing,Dubai,BALL,,0,4,
M7,Warner,SRH,RR,LH,Defending,Dubai,BAT,48,,59,BOLD
M7,Bairstow,SRH,RR,RH,Defending,Dubai,WK,16,,38,CAUGHT
M7,Manish Pandey,SRH,RR,RH,Defending,Dubai,BAT,54,,74,CAUGHT
M7,Kane Williamson,SRH,RR,RH,Defending,Dubai,BAT,22,,30,NO
M7,Vijay Shankar,SRH,RR,RH,Defending,Dubai,ALL,,0,10,
M7,Abhishek Sharma,SRH,RR,LH,Defending,Dubai,ALL,,0,4,
M7,Priyam Garg,SRH,RR,RH,Defending,Dubai,BAT,15,,22,RUNOUT
M7,Rashid Khan,SRH,RR,RH,Defending,Dubai,BALL,,2,54,
M7,Khaleel Ahmed,SRH,RR,LH,Defending,Dubai,BALL,,2,52,
M7,Natarajan,SRH,RR,LH,Defending,Dubai,BALL,,0,18,
M7,Sandeep Sharma,SRH,RR,LH,Defending,Dubai,BALL,,0,4,
M7,Jos Butler,RR,SRH,RH,Chasing,Dubai,WK,16,,29,CAUGHT
M7,Steve Smith,RR,SRH,RH,Chasing,Dubai,BAT,5,,9,RUNOUT
M7,Sanju Samson,RR,SRH,RH,Chasing,Dubai,WK,26,,41,CAUGHT
M7,Robin Uthappa,RR,SRH,RH,Chasing,Dubai,BAT,18,,25,LBW
M7,Rahul Tewatia,RR,SRH,LH,Chasing,Dubai,ALL,45,0,65,NO
M7,Riyag Parag,RR,SRH,RH,Chasing,Dubai,ALL,42,,52,NO
M7,Ben Stokes,RR,SRH,LH,Chasing,Dubai,ALL,5,0,10,BOLD
M7,Jofra Archer,RR,SRH,RH,Chasing,Dubai,BALL,,1,35,
M7,Shreyas Gopal,RR,SRH,RH,Chasing,Dubai,BALL,,0,4,
M7,K Tyagi,RR,SRH,RH,Chasing,Dubai,BALL,,1,27,
M7,Jaydev Unadkat,RR,SRH,LH,Chasing,Dubai,BALL,,1,29,
M7,Rohit Sharma,MI,DC,RH,Chasing,Sharjah,BAT,5,,3,CAUGHT
M7,De Kock,MI,DC,LH,Chasing,Sharjah,WK,53,,75,CAUGHT
M7,S.Yadav,MI,DC,RH,Chasing,Sharjah,BAT,53,,79,CAUGHT
M7,Ishan Kishan,MI,DC,LH,Chasing,Sharjah,WK,28,,38,CAUGHT
M7,Hardik Pandya,MI,DC,RH,Chasing,Sharjah,ALL,0,,2,CAUGHT
M7,Kieron Pollard,MI,DC,RH,Chasing,Sharjah,ALL,11,0,16,NO
M7,Krunal Pandya,MI,DC,LH,Chasing,Sharjah,ALL,12,2,76,NO
M7,Pattinson,MI,DC,RH,Chasing,Sharjah,BALL,,0,-2,
M7,Rahul Chahar,MI,DC,RH,Chasing,Sharjah,BALL,,0,10,
M7,Boult,MI,DC,LH,Chasing,Sharjah,BALL,,1,35,
M7,Bumrah,MI,DC,RH,Chasing,Sharjah,BALL,,0,4,
M7,P.Shaw,DC,MI,RH,Defending,Sharjah,BAT,4,,17,CAUGHT
M7,Shikhar Dhawan,DC,MI,LH,Defending,Sharjah,BAT,69,,89,NO
M7,A Rahane,DC,MI,RH,Defending,Sharjah,BAT,15,,22,LBW
M7,Shreyas Iyer,DC,MI,RH,Defending,Sharjah,BAT,42,,59,CAUGHT
M7,Alex Carey,DC,MI,LH,Defending,Sharjah,WK,14,,26,NO
M7,Marcus Stoinis,DC,MI,RH,Defending,Sharjah,ALL,13,1,38,RUNOUT
M7,Ashwin,DC,MI,RH,Defending,Sharjah,BALL,,1,29,
M7,Axar Patel,DC,MI,LH,Defending,Sharjah,ALL,,1,37,
M7,Rabada,DC,MI,RH,Defending,Sharjah,BALL,,2,62,
M7,Nortje,DC,MI,RH,Defending,Sharjah,BALL,,0,4,
M7,H Patel,DC,MI,RH,Defending,Sharjah,BALL,,0,2,
M7,Devdutt Padikkal,RCB,KKR,LH,Defending,Sharjah,BAT,32,,50,BOLD
M7,Aaron Finch,RCB,KKR,RH,Defending,Sharjah,BAT,47,,57,BOLD
M7,Virat Kohli,RCB,KKR,RH,Defending,Sharjah,BAT,33,,38,NO
M7,AB de Villiers,RCB,KKR,RH,Defending,Sharjah,WK,73,,108,NO
M7,Shivam Dube,RCB,KKR,LH,Defending,Sharjah,ALL,,,4,
M7,W Sundar,RCB,KKR,LH,Defending,Sharjah,ALL,,2,56,
M7,Chris Morris,RCB,KKR,RH,Defending,Sharjah,ALL,,2,66,
M7,Mohammed Siraj,RCB,KKR,RH,Defending,Sharjah,BALL,,1,37,
M7,Navdeep Saini,RCB,KKR,RH,Defending,Sharjah,BALL,,1,31,
M7,Isuru Udana,RCB,KKR,LH,Defending,Sharjah,BALL,,1,41,
M7,Y Chahal,RCB,KKR,RH,Defending,Sharjah,BALL,,1,35,
M7,Shubman Gill,KKR,RCB,RH,Chasing,Sharjah,BAT,34,,43,RUNOUT
M7,Tom Banton,KKR,RCB,RH,Chasing,Sharjah,BAT,8,,10,BOLD
M7,Nitish Rana,KKR,RCB,LH,Chasing,Sharjah,ALL,9,,12,BOLD
M7,Eoin Morgan,KKR,RCB,LH,Chasing,Sharjah,BAT,8,,11,CAUGHT
M7,Dinesh Karthik,KKR,RCB,RH,Chasing,Sharjah,WK,1,,5,BOLD
M7,Andre Russell,KKR,RCB,RH,Chasing,Sharjah,ALL,16,1,43,CAUGHT
M7,Rahul Tripathi,KKR,RCB,RH,Chasing,Sharjah,BAT,16,,21,CAUGHT
M7,Pat Cummins,KKR,RCB,RH,Chasing,Sharjah,BALL,1,0,3,CAUGHT
M7,Kamlesh Nagarkoti,KKR,RCB,RH,Chasing,Sharjah,BALL,4,0,6,BOLD
M7,Varun Chakravarthy,KKR,RCB,RH,Chasing,Sharjah,BALL,7,0,11,NO
M7,Prasidh Krishna,KKR,RCB,RH,Chasing,Sharjah,BALL,2,1,27,NO
M8,Watson,CSK,SRH,RH,Defending,Dubai,BAT,42,,53,CAUGHT
M8,Du Plesis,CSK,SRH,RH,Defending,Dubai,BAT,0,,2,CAUGHT
M8,Rayudu,CSK,SRH,RH,Defending,Dubai,BAT,41,,52,CAUGHT
M8,MS Dhoni,CSK,SRH,RH,Defending,Dubai,WK,21,,29,CAUGHT
M8,Sam Curran,CSK,SRH,LH,Defending,Dubai,ALL,31,1,77,BOLD
M8,Jadeja,CSK,SRH,LH,Defending,Dubai,ALL,25,1,75,NO
M8,D Bravo,CSK,SRH,RH,Defending,Dubai,ALL,0,2,72,BOLD
M8,Deepak Chahar,CSK,SRH,RH,Defending,Dubai,BALL,2,0,6,NO
M8,Piyush Chawla,CSK,SRH,RH,Defending,Dubai,BALL,,0,4,
M8,S Thakur,CSK,SRH,RH,Defending,Dubai,BALL,,1,39,
M8,Karn Sharma,CSK,SRH,LH,Defending,Dubai,BALL,,2,52,
M8,Warner,SRH,CSK,LH,Chasing,Dubai,BAT,9,,19,CAUGHT
M8,Bairstow,SRH,CSK,RH,Chasing,Dubai,WK,23,,37,BOLD
M8,Manish Pandey,SRH,CSK,RH,Chasing,Dubai,BAT,4,,17,RUNOUT
M8,Kane Williamson,SRH,CSK,RH,Chasing,Dubai,BAT,57,,84,CAUGHT
M8,Vijay Shankar,SRH,CSK,RH,Chasing,Dubai,ALL,12,,18,CAUGHT
M8,Shahbaz Nadeem,SRH,CSK,LH,Chasing,Dubai,BALL,5,0,10,CAUGHT
M8,Priyam Garg,SRH,CSK,RH,Chasing,Dubai,BAT,16,,21,CAUGHT
M8,Rashid Khan,SRH,CSK,RH,Chasing,Dubai,BALL,14,0,21,HITWICKET
M8,Khaleel Ahmed,SRH,CSK,LH,Chasing,Dubai,BALL,,2,48,
M8,Natarajan,SRH,CSK,LH,Chasing,Dubai,BALL,0,2,50,NO
M8,Sandeep Sharma,SRH,CSK,LH,Chasing,Dubai,BALL,1,2,59,NO
M8,P.Shaw,DC,RR,RH,Defending,Dubai,BAT,0,,2,BOLD
M8,Shikhar Dhawan,DC,RR,LH,Defending,Dubai,BAT,57,,79,CAUGHT
M8,A Rahane,DC,RR,RH,Defending,Dubai,BAT,2,,14,CAUGHT
M8,Shreyas Iyer,DC,RR,RH,Defending,Dubai,BAT,53,,72,CAUGHT
M8,Alex Carey,DC,RR,LH,Defending,Dubai,WK,14,,20,CAUGHT
M8,Marcus Stoinis,DC,RR,RH,Defending,Dubai,ALL,18,,23,CAUGHT
M8,Ashwin,DC,RR,RH,Defending,Dubai,BALL,,1,41,
M8,Axar Patel,DC,RR,LH,Defending,Dubai,ALL,7,1,49,CAUGHT
M8,Rabada,DC,RR,RH,Defending,Dubai,BALL,,1,29,
M8,Nortje,DC,RR,RH,Defending,Dubai,BALL,,2,54,
M8,T Deshpande,DC,RR,RH,Defending,Dubai,BALL,,2,52,
M8,Jos Butler,RR,DC,RH,Chasing,Dubai,WK,22,,31,BOLD
M8,Steve Smith,RR,DC,RH,Chasing,Dubai,BAT,1,,5,CAUGHT
M8,Sanju Samson,RR,DC,RH,Chasing,Dubai,WK,25,,33,BOLD
M8,Robin Uthappa,RR,DC,RH,Chasing,Dubai,BAT,32,,49,BOLD
M8,Rahul Tewatia,RR,DC,LH,Chasing,Dubai,ALL,14,0,27,NO
M8,Riyag Parag,RR,DC,RH,Chasing,Dubai,ALL,1,,5,RUNOUT
M8,Ben Stokes,RR,DC,LH,Chasing,Dubai,ALL,41,0,45,CAUGHT
M8,Jofra Archer,RR,DC,RH,Chasing,Dubai,BALL,1,3,100,CAUGHT
M8,Shreyas Gopal,RR,DC,RH,Chasing,Dubai,BALL,6,1,36,CAUGHT
M8,K Tyagi,RR,DC,RH,Chasing,Dubai,BALL,,1,45,
M8,Jaydev Unadkat,RR,DC,LH,Chasing,Dubai,BALL,,2,50,
M8,Devdutt Padikkal,RCB,KXIP,LH,Defending,Sharjah,BAT,18,,31,CAUGHT
M8,Aaron Finch,RCB,KXIP,RH,Defending,Sharjah,BAT,20,,28,BOLD
M8,Virat Kohli,RCB,KXIP,RH,Defending,Sharjah,BAT,48,,55,CAUGHT
M8,AB de Villiers,RCB,KXIP,RH,Defending,Sharjah,WK,2,,12,CAUGHT
M8,Shivam Dube,RCB,KXIP,LH,Defending,Sharjah,ALL,23,,31,CAUGHT
M8,W Sundar,RCB,KXIP,LH,Defending,Sharjah,ALL,13,0,16,CAUGHT
M8,Chris Morris,RCB,KXIP,RH,Defending,Sharjah,ALL,25,0,38,NO
M8,Mohammed Siraj,RCB,KXIP,RH,Defending,Sharjah,BALL,,0,-2,
M8,Navdeep Saini,RCB,KXIP,RH,Defending,Sharjah,BALL,,0,6,
M8,Isuru Udana,RCB,KXIP,LH,Defending,Sharjah,BALL,10,0,16,NO
M8,Y Chahal,RCB,KXIP,RH,Defending,Sharjah,BALL,,1,23,
M8,KL Rahul,KXIP,RCB,RH,Chasing,Sharjah,WK,61,,100,NO
M8,Mayank Agarwal,KXIP,RCB,RH,Chasing,Sharjah,BAT,45,,59,BOLD
M8,Nicolas Pooran,KXIP,RCB,LH,Chasing,Sharjah,WK,6,,20,NO
M8,Chris Gayle,KXIP,RCB,LH,Chasing,Sharjah,BAT,53,,76,RUNOUT
M8,Glenn Maxwell,KXIP,RCB,RH,Chasing,Sharjah,ALL,,0,4,
M8,Deepak Hooda,KXIP,RCB,RH,Chasing,Sharjah,BAT,,,12,
M8,Chris Jordan,KXIP,RCB,RH,Chasing,Sharjah,BALL,,1,37,
M8,Murugan Ashwin,KXIP,RCB,RH,Chasing,Sharjah,BALL,,2,56,
M8,Ravi Bishnoi,KXIP,RCB,RH,Chasing,Sharjah,BALL,,0,2,
M8,Mohammed Shami,KXIP,RCB,RH,Chasing,Sharjah,BALL,,2,48,
M8,Arshdeep Singh,KXIP,RCB,LH,Chasing,Sharjah,BALL,,1,27,
M8,Rahul Tripathi,KKR,MI,RH,Defending,Sheikh Zayed,BAT,7,,12,CAUGHT
M8,Shubman Gill,KKR,MI,RH,Defending,Sheikh Zayed,BAT,21,,27,CAUGHT
M8,Nitish Rana,KKR,MI,LH,Defending,Sheikh Zayed,BAT,5,,10,CAUGHT
M8,Dinesh Karthik,KKR,MI,RH,Defending,Sheikh Zayed,WK,4,,17,BOLD
M8,Eoin Morgan,KKR,MI,LH,Defending,Sheikh Zayed,BAT,39,,49,NO
M8,Andre Russell,KKR,MI,RH,Defending,Sheikh Zayed,ALL,12,0,19,CAUGHT
M8,Pat Cummins,KKR,MI,RH,Defending,Sheikh Zayed,BALL,53,0,72,NO
M8,Varun Chakravarthy,KKR,MI,RH,Defending,Sheikh Zayed,BALL,,1,31,
M8,Prasidh Krishna,KKR,MI,RH,Defending,Sheikh Zayed,BALL,,0,-2,
M8,Shivam Mavi,KKR,MI,RH,Defending,Sheikh Zayed,BALL,,1,29,
M8,Rohit Sharma,MI,KKR,RH,Chasing,Sheikh Zayed,BAT,35,,46,CAUGHT
M8,De Kock,MI,KKR,LH,Chasing,Sheikh Zayed,WK,78,,121,NO
M8,S.Yadav,MI,KKR,RH,Chasing,Sheikh Zayed,BAT,10,,23,BOLD
M8,Ishan Kishan,MI,KKR,LH,Chasing,Sheikh Zayed,WK,,,4,
M8,Hardik Pandya,MI,KKR,RH,Chasing,Sheikh Zayed,ALL,21,,30,NO
M8,Kieron Pollard,MI,KKR,RH,Chasing,Sheikh Zayed,ALL,,,12,
M8,Krunal Pandya,MI,KKR,LH,Chasing,Sheikh Zayed,ALL,,0,6,
M8,Coulter Nile,MI,KKR,RH,Chasing,Sheikh Zayed,BALL,,1,23,
M8,Rahul Chahar,MI,KKR,RH,Chasing,Sheikh Zayed,BALL,,2,58,
M8,Boult,MI,KKR,LH,Chasing,Sheikh Zayed,BALL,,1,29,
M8,Bumrah,MI,KKR,RH,Chasing,Sheikh Zayed,BALL,,1,31,
M9,Jos Butler,RR,RCB,RH,Defending,Dubai,WK,24,,31,CAUGHT
M9,Steve Smith,RR,RCB,RH,Defending,Dubai,BAT,57,,77,CAUGHT
M9,Sanju Samson,RR,RCB,RH,Defending,Dubai,WK,9,,15,CAUGHT
M9,Robin Uthappa,RR,RCB,RH,Defending,Dubai,BAT,41,,62,CAUGHT
M9,Rahul Tewatia,RR,RCB,LH,Defending,Dubai,ALL,19,1,59,NO
M9,Riyag Parag,RR,RCB,RH,Defending,Dubai,ALL,,,4,
M9,Ben Stokes,RR,RCB,LH,Defending,Dubai,ALL,15,,29,CAUGHT
M9,Jofra Archer,RR,RCB,RH,Defending,Dubai,BALL,2,0,2,LBW
M9,Shreyas Gopal,RR,RCB,RH,Defending,Dubai,BALL,,1,29,
M9,K Tyagi,RR,RCB,RH,Defending,Dubai,BALL,,1,29,
M9,Jaydev Unadkat,RR,RCB,LH,Defending,Dubai,BALL,,0,-2,
M9,Devdutt Padikkal,RCB,RR,LH,Chasing,Dubai,BAT,35,,41,CAUGHT
M9,Aaron Finch,RCB,RR,RH,Chasing,Dubai,BAT,14,,30,CAUGHT
M9,Virat Kohli,RCB,RR,RH,Chasing,Dubai,BAT,43,,52,CAUGHT
M9,AB de Villiers,RCB,RR,RH,Chasing,Dubai,WK,55,,88,NO
M9,Gurkeerat Singh,RCB,RR,LH,Chasing,Dubai,ALL,19,,24,NO
M9,W Sundar,RCB,RR,LH,Chasing,Dubai,ALL,,0,4,
M9,Chris Morris,RCB,RR,RH,Chasing,Dubai,ALL,,4,120,
M9,Shahbaz Ahmed,RCB,RR,LH,Chasing,Dubai,BAT,,0,10,
M9,Navdeep Saini,RCB,RR,RH,Chasing,Dubai,BALL,,0,12,
M9,Isuru Udana,RCB,RR,LH,Chasing,Dubai,BALL,,0,-2,
M9,Y Chahal,RCB,RR,RH,Chasing,Dubai,BALL,,2,54,
M9,Watson,CSK,DC,RH,Defending,Dubai,BAT,36,,46,BOLD
M9,Du Plesis,CSK,DC,RH,Defending,Dubai,BAT,58,,96,CAUGHT
M9,Rayudu,CSK,DC,RH,Defending,Dubai,BAT,45,,66,NO
M9,MS Dhoni,CSK,DC,RH,Defending,Dubai,WK,3,,7,CAUGHT
M9,Sam Curran,CSK,DC,LH,Defending,Dubai,ALL,0,1,35,CAUGHT
M9,Jadeja,CSK,DC,LH,Defending,Dubai,ALL,33,0,45,NO
M9,D Bravo,CSK,DC,RH,Defending,Dubai,ALL,,1,29,
M9,Deepak Chahar,CSK,DC,RH,Defending,Dubai,BALL,,2,74,
M9,Jadhav,CSK,DC,RH,Defending,Dubai,BALL,,,4,
M9,S Thakur,CSK,DC,RH,Defending,Dubai,BALL,,1,27,
M9,Karn Sharma,CSK,DC,LH,Defending,Dubai,BALL,,0,-2,
M9,P.Shaw,DC,CSK,RH,Defending,Dubai,BAT,0,,2,CAUGHT
M9,Shikhar Dhawan,DC,CSK,LH,Defending,Dubai,BAT,101,,145,NO
M9,A Rahane,DC,CSK,RH,Defending,Dubai,BAT,8,,13,CAUGHT
M9,Shreyas Iyer,DC,CSK,RH,Defending,Dubai,BAT,23,,30,CAUGHT
M9,Alex Carey,DC,CSK,LH,Defending,Dubai,WK,4,,16,CAUGHT
M9,Marcus Stoinis,DC,CSK,RH,Defending,Dubai,ALL,24,0,33,CAUGHT
M9,Ashwin,DC,CSK,RH,Defending,Dubai,BALL,,0,2,
M9,Axar Patel,DC,CSK,LH,Defending,Dubai,ALL,21,0,33,NO
M9,Rabada,DC,CSK,RH,Defending,Dubai,BALL,,1,37,
M9,Nortje,DC,CSK,RH,Defending,Dubai,BALL,,1,58,
M9,T Deshpande,DC,CSK,RH,Defending,Dubai,BALL,,1,27,
M9,Rahul Tripathi,KKR,SRH,RH,Defending,Sheikh Zayed,BAT,23,,31,BOLD
M9,Shubman Gill,KKR,SRH,RH,Defending,Sheikh Zayed,BAT,36,,61,CAUGHT
M9,Nitish Rana,KKR,SRH,LH,Defending,Sheikh Zayed,BAT,29,,46,CAUGHT
M9,Dinesh Karthik,KKR,SRH,RH,Defending,Sheikh Zayed,WK,29,,39,NO
M9,Eoin Morgan,KKR,SRH,LH,Defending,Sheikh Zayed,BAT,34,,43,CAUGHT
M9,Andre Russell,KKR,SRH,RH,Defending,Sheikh Zayed,ALL,9,0,16,CAUGHT
M9,Pat Cummins,KKR,SRH,RH,Defending,Sheikh Zayed,BALL,,1,29,
M9,Varun Chakravarthy,KKR,SRH,RH,Defending,Sheikh Zayed,BALL,,1,29,
M9,Kuldeep Yadav,KKR,SRH,RH,Defending,Sheikh Zayed,BALL,,0,6,
M9,Shivam Mavi,KKR,SRH,RH,Defending,Sheikh Zayed,BALL,,1,23,
M9,Lockie Ferguson,KKR,SRH,RH,Defending,Sheikh Zayed,BALL,,3,85,
M9,Warner,SRH,KKR,LH,Chasing,Sheikh Zayed,BAT,47,,56,NO
M9,Bairstow,SRH,KKR,RH,Chasing,Sheikh Zayed,WK,36,,47,CAUGHT
M9,Manish Pandey,SRH,KKR,RH,Chasing,Sheikh Zayed,BAT,6,,18,BOLD
M9,Kane Williamson,SRH,KKR,RH,Chasing,Sheikh Zayed,BAT,29,,39,CAUGHT
M9,Vijay Shankar,SRH,KKR,RH,Chasing,Sheikh Zayed,ALL,7,1,44,CAUGHT
M9,Abdul Samad,SRH,KKR,LH,Chasing,Sheikh Zayed,ALL,23,,31,CAUGHT
M9,Priyam Garg,SRH,KKR,RH,Chasing,Sheikh Zayed,BAT,4,,24,BOLD
M9,Rashid Khan,SRH,KKR,RH,Chasing,Sheikh Zayed,BALL,1,1,30,NO
M9,Basil Thampi,SRH,KKR,LH,Chasing,Sheikh Zayed,BALL,,1,23,
M9,Natarajan,SRH,KKR,LH,Chasing,Sheikh Zayed,BALL,,2,52,
M9,Sandeep Sharma,SRH,KKR,LH,Chasing,Sheikh Zayed,BALL,,0,4,
M9,Rohit Sharma,MI,KXIP,RH,Defending,Dubai,BAT,9,,23,BOLD
M9,De Kock,MI,KXIP,LH,Defending,Dubai,WK,53,,80,CAUGHT
M9,S.Yadav,MI,KXIP,RH,Defending,Dubai,BAT,4,,2,CAUGHT
M9,Ishan Kishan,MI,KXIP,LH,Defending,Dubai,WK,7,,12,CAUGHT
M9,Krunal Pandya,MI,KXIP,LH,Defending,Dubai,ALL,34,0,46,CAUGHT
M9,Hardik Pandya,MI,KXIP,RH,Defending,Dubai,ALL,8,,14,CAUGHT
M9,Kieron Pollard,MI,KXIP,RH,Defending,Dubai,ALL,34,0,47,NO
M9,Coulter Nile,MI,KXIP,RH,Defending,Dubai,BALL,24,0,40,NO
M9,Rahul Chahar,MI,KXIP,RH,Defending,Dubai,BALL,,2,54,
M9,Boult,MI,KXIP,LH,Defending,Dubai,BALL,,0,6,
M9,Bumrah,MI,KXIP,RH,Defending,Dubai,BALL,,3,81,
M9,KL Rahul,KXIP,MI,RH,Chasing,Dubai,WK,77,,102,BOLD
M9,Mayank Agarwal,KXIP,MI,RH,Chasing,Dubai,BAT,11,,24,BOLD
M9,Chris Gayle,KXIP,MI,LH,Chasing,Dubai,BAT,24,,33,CAUGHT
M9,Nicolas Pooran,KXIP,MI,LH,Chasing,Dubai,WK,24,,42,CAUGHT
M9,Glenn Maxwell,KXIP,MI,RH,Chasing,Dubai,ALL,0,0,4,CAUGHT
M9,Deepak Hooda,KXIP,MI,RH,Chasing,Dubai,ALL,23,0,38,NO
M9,Chris Jordan,KXIP,MI,RH,Chasing,Dubai,BALL,13,1,40,RUNOUT
M9,Mohammed Shami,KXIP,MI,RH,Chasing,Dubai,BALL,,2,54,
M9,Murugan Ashwin,KXIP,MI,RH,Chasing,Dubai,BALL,,0,18,
M9,Ravi Bishnoi,KXIP,MI,RH,Chasing,Dubai,BALL,,1,31,
M9,Arshdeep Singh,KXIP,MI,LH,Chasing,Dubai,BALL,,2,48,
M10,Watson,CSK,RR,RH,Defending,Dubai,BAT,8,,14,CAUGHT
M10,Du Plesis,CSK,RR,RH,Defending,Dubai,BAT,10,,15,CAUGHT
M10,Rayudu,CSK,RR,RH,Defending,Dubai,BAT,13,,17,CAUGHT
M10,MS Dhoni,CSK,RR,RH,Defending,Dubai,WK,28,,50,RUNOUT
M10,Sam Curran,CSK,RR,LH,Defending,Dubai,ALL,22,0,29,CAUGHT
M10,Jadeja,CSK,RR,LH,Defending,Dubai,ALL,35,0,43,NO
M10,Josh Hazlewood,CSK,RR,RH,Defending,Dubai,BALL,,1,33,
M10,Deepak Chahar,CSK,RR,RH,Defending,Dubai,BALL,,2,66,
M10,Jadhav,CSK,RR,RH,Defending,Dubai,BALL,4,,8,NO
M10,S Thakur,CSK,RR,RH,Defending,Dubai,BALL,,0,4,
M10,Piyush Chawla,CSK,RR,LH,Defending,Dubai,BALL,,0,0,
M10,Jos Butler,RR,CSK,RH,Defending,Dubai,WK,70,,109,NO
M10,Steve Smith,RR,CSK,RH,Defending,Dubai,BAT,26,,32,NO
M10,Sanju Samson,RR,CSK,RH,Defending,Dubai,WK,0,,16,CAUGHT
M10,Robin Uthappa,RR,CSK,RH,Defending,Dubai,BAT,4,,8,CAUGHT
M10,Rahul Tewatia,RR,CSK,LH,Defending,Dubai,ALL,,1,41,
M10,Riyag Parag,RR,CSK,RH,Defending,Dubai,ALL,,,4,
M10,Ben Stokes,RR,CSK,LH,Defending,Dubai,ALL,19,0,24,BOLD
M10,Jofra Archer,RR,CSK,RH,Defending,Dubai,BALL,,1,37,
M10,Shreyas Gopal,RR,CSK,RH,Defending,Dubai,BALL,,1,35,
M10,K Tyagi,RR,CSK,RH,Defending,Dubai,BALL,,1,29,
M10,Ankit Rajpoot,RR,CSK,LH,Defending,Dubai,BALL,,0,4,
M10,P.Shaw,DC,KXIP,RH,Defending,Dubai,BAT,7,,10,CAUGHT
M10,Shikhar Dhawan,DC,KXIP,LH,Defending,Dubai,BAT,106,,144,NO
M10,Hetmeyer,DC,KXIP,RH,Defending,Dubai,BAT,10,,16,BOLD
M10,Shreyas Iyer,DC,KXIP,RH,Defending,Dubai,BAT,14,,20,CAUGHT
M10,Rishabh Pant,DC,KXIP,LH,Defending,Dubai,WK,14,,39,CAUGHT
M10,Marcus Stoinis,DC,KXIP,RH,Defending,Dubai,ALL,9,0,13,CAUGHT
M10,Ashwin,DC,KXIP,RH,Defending,Dubai,BALL,,1,35,
M10,Axar Patel,DC,KXIP,LH,Defending,Dubai,ALL,,1,29,
M10,Rabada,DC,KXIP,RH,Defending,Dubai,BALL,,2,54,
M10,Daniel Sams,DC,KXIP,LH,Defending,Dubai,BALL,,0,12,
M10,T Deshpande,DC,KXIP,RH,Defending,Dubai,BALL,,0,-2,
M10,KL Rahul,KXIP,DC,RH,Chasing,Dubai,WK,15,,30,CAUGHT
M10,Mayank Agarwal,KXIP,DC,RH,Chasing,Dubai,BAT,5,,25,RUNOUT
M10,Chris Gayle,KXIP,DC,LH,Chasing,Dubai,BAT,29,,40,BOLD
M10,Nicolas Pooran,KXIP,DC,LH,Chasing,Dubai,WK,53,,77,CAUGHT
M10,Glenn Maxwell,KXIP,DC,RH,Chasing,Dubai,ALL,32,1,72,CAUGHT
M10,Deepak Hooda,KXIP,DC,RH,Chasing,Dubai,BAT,15,,18,NO
M10,James Neesham,KXIP,DC,LH,Chasing,Dubai,ALL,10,1,41,NO
M10,Murugan Ashwin,KXIP,DC,RH,Chasing,Dubai,BALL,,1,29,
M10,Ravi Bishnoi,KXIP,DC,RH,Chasing,Dubai,BALL,,0,4,
M10,Mohammed Shami,KXIP,DC,RH,Chasing,Dubai,BALL,,2,54,
M10,Arshdeep Singh,KXIP,DC,LH,Chasing,Dubai,BALL,,0,2,
M10,Rahul Tripathi,KKR,RCB,RH,Defending,Sheikh Zayed,BAT,1,,5,CAUGHT
M10,Shubman Gill,KKR,RCB,RH,Defending,Sheikh Zayed,BAT,1,,5,CAUGHT
M10,Nitish Rana,KKR,RCB,LH,Defending,Sheikh Zayed,BAT,0,,2,BOLD
M10,Dinesh Karthik,KKR,RCB,RH,Defending,Sheikh Zayed,WK,4,,10,LBW
M10,Eoin Morgan,KKR,RCB,LH,Defending,Sheikh Zayed,BAT,30,,39,CAUGHT
M10,Tom Banton,KKR,RCB,RH,Defending,Sheikh Zayed,ALL,10,,17,CAUGHT
M10,Pat Cummins,KKR,RCB,RH,Defending,Sheikh Zayed,BALL,4,,22,CAUGHT
M10,Varun Chakravarthy,KKR,RCB,RH,Defending,Sheikh Zayed,BALL,,,4,
M10,Kuldeep Yadav,KKR,RCB,RH,Defending,Sheikh Zayed,BALL,12,,17,RUNOUT
M10,Prasidh Krishna,KKR,RCB,RH,Defending,Sheikh Zayed,BALL,,,4,
M10,Lockie Ferguson,KKR,RCB,RH,Defending,Sheikh Zayed,BALL,19,1,53,NO
M10,Devdutt Padikkal,RCB,KKR,LH,Chasing,Sheikh Zayed,BAT,25,,40,RUNOUT
M10,Aaron Finch,RCB,KKR,RH,Chasing,Sheikh Zayed,BAT,16,,22,CAUGHT
M10,Virat Kohli,RCB,KKR,RH,Chasing,Sheikh Zayed,BAT,18,,24,NO
M10,AB de Villiers,RCB,KKR,RH,Chasing,Sheikh Zayed,WK,,,20,
M10,Gurkeerat Singh,RCB,KKR,LH,Chasing,Sheikh Zayed,ALL,26,,43,NO
M10,W Sundar,RCB,KKR,LH,Chasing,Sheikh Zayed,ALL,,1,43,
M10,Chris Morris,RCB,KKR,RH,Chasing,Sheikh Zayed,ALL,,0,30,
M10,Mohammed Siraj,RCB,KKR,RH,Chasing,Sheikh Zayed,BAT,,3,101,
M10,Navdeep Saini,RCB,KKR,RH,Chasing,Sheikh Zayed,BALL,,1,29,
M10,Isuru Udana,RCB,KKR,LH,Chasing,Sheikh Zayed,BALL,,0,4,
M10,Y Chahal,RCB,KKR,RH,Chasing,Sheikh Zayed,BALL,,2,60,
M11,Robin Uthappa,RR,SRH,RH,Defending,Dubai,BAT,19,,27,RUNOUT
M11,Ben Stokes,RR,SRH,LH,Defending,Dubai,ALL,30,0,38,BOLD
M11,Sanju Samson,RR,SRH,RH,Defending,Dubai,WK,36,,45,BOLD
M11,Jos Butler,RR,SRH,RH,Defending,Dubai,WK,9,,13,CAUGHT
M11,Steve Smith,RR,SRH,RH,Defending,Dubai,BAT,19,,25,CAUGHT
M11,Riyag Parag,RR,SRH,RH,Defending,Dubai,ALL,20,,28,CAUGHT
M11,Rahul Tewatia,RR,SRH,LH,Defending,Dubai,ALL,2,0,6,NO
M11,Jofra Archer,RR,SRH,RH,Defending,Dubai,BALL,16,2,75,NO
M11,Shreyas Gopal,RR,SRH,RH,Defending,Dubai,BALL,,0,4,
M11,Ankit Rajpoot,RR,SRH,RH,Defending,Dubai,BALL,,0,4,
M11,K Tyagi,RR,SRH,RH,Defending,Dubai,BALL,,0,-2,
M11,Warner,SRH,RR,LH,Chasing,Dubai,BAT,4,,17,CAUGHT
M11,Bairstow,SRH,RR,RH,Chasing,Dubai,WK,10,,17,BOLD
M11,Manish Pandey,SRH,RR,RH,Chasing,Dubai,BAT,83,,123,NO
M11,Jason Holder,SRH,RR,RH,Chasing,Dubai,ALL,,3,91,
M11,Vijay Shankar,SRH,RR,RH,Chasing,Dubai,ALL,52,1,97,NO
M11,Abdul Samad,SRH,RR,LH,Chasing,Dubai,ALL,,,4,
M11,Priyam Garg,SRH,RR,RH,Chasing,Dubai,BAT,,,4,
M11,Rashid Khan,SRH,RR,RH,Chasing,Dubai,BALL,,1,31,
M11,Shahbaz Nadeem,SRH,RR,LH,Chasing,Dubai,BALL,,0,12,
M11,Natarajan,SRH,RR,LH,Chasing,Dubai,BALL,,0,-2,
M11,Sandeep Sharma,SRH,RR,LH,Chasing,Dubai,BALL,,0,4,
M11,Rituraj Gaikwad,CSK,MI,RH,Defending,Sharjah,BAT,0,,2,LBW
M11,Du Plesis,CSK,MI,RH,Defending,Sharjah,BAT,1,,5,CAUGHT
M11,Rayudu,CSK,MI,RH,Defending,Sharjah,BAT,2,,6,CAUGHT
M11,MS Dhoni,CSK,MI,RH,Defending,Sharjah,WK,16,,24,CAUGHT
M11,Sam Curran,CSK,MI,LH,Defending,Sharjah,ALL,52,0,72,BOLD
M11,Jadeja,CSK,MI,LH,Defending,Sharjah,ALL,7,0,12,CAUGHT
M11,Josh Hazlewood,CSK,MI,RH,Defending,Sharjah,BALL,,0,4,NO
M11,Deepak Chahar,CSK,MI,RH,Defending,Sharjah,BALL,0,0,4,STUMPING
M11,S Thakur,CSK,MI,RH,Defending,Sharjah,BALL,11,0,9,CAUGHT
M11,Jagadeesan,CSK,MI,LH,Defending,Sharjah,BAT,0,,2,CAUGHT
M10,De Kock,MI,CSK,LH,Chasing,Sharjah,WK,46,,95,NO
M10,S.Yadav,MI,CSK,RH,Chasing,Sharjah,BAT,,,20,
M10,Ishan Kishan,MI,CSK,LH,Chasing,Sharjah,WK,68,,96,NO
M10,Krunal Pandya,MI,CSK,LH,Chasing,Sharjah,ALL,,0,14,
M10,Hardik Pandya,MI,CSK,RH,Chasing,Sharjah,ALL,,,4,
M10,Kieron Pollard,MI,CSK,RH,Chasing,Sharjah,ALL,,0,4,
M10,Coulter Nile,MI,CSK,RH,Chasing,Sharjah,BALL,,1,29,
M10,Rahul Chahar,MI,CSK,RH,Chasing,Sharjah,BALL,,2,56,
M10,Boult,MI,CSK,LH,Chasing,Sharjah,BALL,,4,124,
M10,Bumrah,MI,CSK,RH,Chasing,Sharjah,BALL,,2,54,
M10,Saurabh Tiwary,MI,CSK,LH,Chasing,Sharjah,BAT,,,4,
M11,Rahul Tripathi,KKR,DC,RH,Defending,Sheikh Zayed,BAT,13,,42,BOLD
M11,Shubman Gill,KKR,DC,RH,Defending,Sheikh Zayed,BAT,9,,23,CAUGHT
M11,Nitish Rana,KKR,DC,LH,Defending,Sheikh Zayed,BAT,81,,108,CAUGHT
M11,Dinesh Karthik,KKR,DC,RH,Defending,Sheikh Zayed,WK,3,,7,CAUGHT
M11,Eoin Morgan,KKR,DC,LH,Defending,Sheikh Zayed,BAT,17,,33,CAUGHT
M11,Sunil Narine,KKR,DC,RH,Defending,Sheikh Zayed,ALL,64,,88,CAUGHT
M11,Pat Cummins,KKR,DC,RH,Defending,Sheikh Zayed,BALL,0,3,83,NO
M11,Varun Chakravarthy,KKR,DC,RH,Defending,Sheikh Zayed,BALL,,5,147,
M11,Kamlesh Nagarkoti,KKR,DC,RH,Defending,Sheikh Zayed,BALL,,0,14,
M11,Prasidh Krishna,KKR,DC,RH,Defending,Sheikh Zayed,BALL,,0,2,
M11,Lockie Ferguson,KKR,DC,RH,Defending,Sheikh Zayed,BALL,,1,29,
M11,A Rahane,DC,KKR,RH,Defending,Dubai,BAT,0,,10,LBW
M11,Shikhar Dhawan,DC,KKR,LH,Defending,Dubai,BAT,6,,11,BOLD
M11,Hetmeyer,DC,KKR,RH,Defending,Dubai,BAT,10,,16,CAUGHT
M11,Shreyas Iyer,DC,KKR,RH,Defending,Dubai,BAT,47,,56,CAUGHT
M11,Rishabh Pant,DC,KKR,LH,Defending,Dubai,WK,27,,43,CAUGHT
M11,Marcus Stoinis,DC,KKR,RH,Defending,Dubai,ALL,6,2,56,CAUGHT
M11,Ashwin,DC,KKR,RH,Defending,Dubai,BALL,14,0,14,NO
M11,Axar Patel,DC,KKR,LH,Defending,Dubai,ALL,9,0,23,BOLD
M11,Rabada,DC,KKR,RH,Defending,Dubai,BALL,9,2,72,CAUGHT
M11,Nortje,DC,KKR,LH,Defending,Dubai,BALL,0,2,54,NO
M11,T Deshpande,DC,KKR,RH,Defending,Dubai,BALL,1,0,11,CAUGHT
M11,KL Rahul,KXIP,SRH,RH,Chasing,Dubai,WK,27,,51,BOLD
M11,Mandeep Singh,KXIP,SRH,RH,Chasing,Dubai,BAT,17,,30,CAUGHT
M11,Chris Gayle,KXIP,SRH,LH,Chasing,Dubai,BAT,20,,28,CAUGHT
M11,Nicolas Pooran,KXIP,SRH,LH,Chasing,Dubai,WK,32,,46,NO
M11,Glenn Maxwell,KXIP,SRH,RH,Chasing,Dubai,ALL,12,,16,CAUGHT
M11,Deepak Hooda,KXIP,SRH,RH,Chasing,Dubai,BAT,0,,2,STUMPING
M11,Chris Jordan,KXIP,SRH,LH,Chasing,Dubai,ALL,7,3,106,CAUGHT
M11,Murugan Ashwin,KXIP,SRH,RH,Chasing,Dubai,BALL,4,1,41,RUNOUT
M11,Ravi Bishnoi,KXIP,SRH,RH,Chasing,Dubai,BALL,0,1,47,NO
M11,Mohammed Shami,KXIP,SRH,RH,Chasing,Dubai,BALL,,1,29,
M11,Arshdeep Singh,KXIP,SRH,LH,Chasing,Dubai,BALL,,3,81,
M12,Warner,SRH,KXIP,LH,Chasing,Dubai,BAT,35,,62,CAUGHT
M12,Bairstow,SRH,KXIP,RH,Chasing,Dubai,WK,19,,39,BOLD
M12,Manish Pandey,SRH,KXIP,RH,Chasing,Dubai,BAT,15,,15,CAUGHT
M12,Jason Holder,SRH,KXIP,RH,Chasing,Dubai,ALL,5,2,59,CAUGHT
M12,Vijay Shankar,SRH,KXIP,RH,Chasing,Dubai,ALL,26,,46,CAUGHT
M12,Abdul Samad,SRH,KXIP,LH,Chasing,Dubai,ALL,7,,12,CAUGHT
M12,Priyam Garg,SRH,KXIP,RH,Chasing,Dubai,BAT,3,,7,CAUGHT
M12,Rashid Khan,SRH,KXIP,RH,Chasing,Dubai,BALL,0,2,68,CAUGHT
M12,Sandeep Sharma,SRH,KXIP,LH,Chasing,Dubai,BALL,0,2,54,CAUGHT
M12,Natarajan,SRH,KXIP,LH,Chasing,Dubai,BALL,0,0,6,NO
M12,Khaleel Ahmed,SRH,KXIP,LH,Chasing,Dubai,BALL,0,0,12,RUNOUT
M11,Devdutt Padikkal,RCB,CSK,LH,Defending,Dubai,BAT,22,,30,CAUGHT
M11,Aaron Finch,RCB,CSK,RH,Defending,Dubai,BAT,15,,22,CAUGHT
M11,Virat Kohli,RCB,CSK,RH,Defending,Dubai,BAT,50,,65,CAUGHT
M11,AB de Villiers,RCB,CSK,RH,Defending,Dubai,WK,39,,47,CAUGHT
M11,Gurkeerat Singh,RCB,CSK,LH,Defending,Dubai,ALL,2,,6,NO
M11,W Sundar,RCB,CSK,LH,Defending,Dubai,ALL,5,,10,NO
M11,Chris Morris,RCB,CSK,RH,Defending,Dubai,ALL,2,1,29,BOLD
M11,Mohammed Siraj,RCB,CSK,RH,Defending,Dubai,BAT,,0,6,
M11,Navdeep Saini,RCB,CSK,RH,Defending,Dubai,BALL,,0,4,
M11,Moeen Ali,RCB,CSK,LH,Defending,Dubai,BALL,1,0,5,CAUGHT
M11,Y Chahal,RCB,CSK,RH,Defending,Dubai,BALL,,1,31,
M12,Rituraj Gaikwad,CSK,RCB,RH,Chasing,Dubai,BAT,65,,103,NO
M12,Du Plesis,CSK,RCB,RH,Chasing,Dubai,BAT,25,,51,CAUGHT
M12,Rayudu,CSK,RCB,RH,Chasing,Dubai,BAT,39,,50,BOLD
M12,MS Dhoni,CSK,RCB,RH,Chasing,Dubai,WK,19,,26,NO
M12,Sam Curran,CSK,RCB,LH,Chasing,Dubai,ALL,,3,79,
M12,Jadeja,CSK,RCB,LH,Chasing,Dubai,ALL,,0,4,
M12,Mitchell Santner,CSK,RCB,RH,Chasing,Dubai,BALL,,1,39,
M12,Deepak Chahar,CSK,RCB,RH,Chasing,Dubai,BALL,,2,54,
M12,Jagadeesan,CSK,RCB,LH,Chasing,Dubai,BAT,,,4,
M11,De Kock,MI,RR,LH,Defending,Sheikh Zayed,WK,6,,12,BOLD
M11,S.Yadav,MI,RR,RH,Defending,Sheikh Zayed,BAT,40,,50,CAUGHT
M11,Ishan Kishan,MI,RR,LH,Defending,Sheikh Zayed,WK,37,,47,CAUGHT
M11,Krunal Pandya,MI,RR,LH,Defending,Sheikh Zayed,ALL,3,0,5,NO
M11,Hardik Pandya,MI,RR,RH,Defending,Sheikh Zayed,ALL,60,,88,NO
M11,Kieron Pollard,MI,RR,RH,Defending,Sheikh Zayed,ALL,6,0,18,BOLD
M11,Pattinson,MI,RR,RH,Defending,Sheikh Zayed,BALL,,2,48,
M11,Rahul Chahar,MI,RR,RH,Defending,Sheikh Zayed,BALL,,0,-2,
M11,Boult,MI,RR,LH,Defending,Sheikh Zayed,BALL,,0,2,
M11,Bumrah,MI,RR,RH,Defending,Sheikh Zayed,BALL,,0,2,
M11,Saurabh Tiwary,MI,RR,LH,Defending,Sheikh Zayed,BAT,34,,44,CAUGHT
M12,Ben Stokes,RR,MI,LH,Chasing,Sheikh Zayed,ALL,107,,163,NO
M12,Robin Uthappa,RR,MI,RH,Chasing,Sheikh Zayed,BAT,13,,19,CAUGHT
M12,Steve Smith,RR,MI,RH,Chasing,Sheikh Zayed,BAT,11,,18,BOLD
M12,Sanju Samson,RR,MI,RH,Chasing,Sheikh Zayed,WK,54,,76,NO
M12,Jos Butler,RR,MI,RH,Chasing,Sheikh Zayed,WK,,,4,
M12,Riyag Parag,RR,MI,RH,Chasing,Sheikh Zayed,ALL,,,4,
M12,Rahul Tewatia,RR,MI,LH,Chasing,Sheikh Zayed,ALL,,0,4,
M12,Jofra Archer,RR,MI,RH,Chasing,Sheikh Zayed,BALL,,2,62,
M12,Shreyas Gopal,RR,MI,RH,Chasing,Sheikh Zayed,BALL,,2,54,
M12,Ankit Rajpoot,RR,MI,RH,Chasing,Sheikh Zayed,BALL,,0,-2,
M12,K Tyagi,RR,MI,RH,Chasing,Sheikh Zayed,BALL,,1,23,
M12,Rahul Tripathi,KKR,KXIP,RH,Defending,Sharjah,BAT,7,,13,CAUGHT
M12,Shubman Gill,KKR,KXIP,RH,Defending,Sharjah,BAT,57,,80,CAUGHT
M12,Nitish Rana,KKR,KXIP,LH,Defending,Sharjah,BAT,0,,2,CAUGHT
M12,Dinesh Karthik,KKR,KXIP,RH,Defending,Sharjah,WK,0,,2,CAUGHT
M12,Eoin Morgan,KKR,KXIP,LH,Defending,Sharjah,BAT,40,,53,CAUGHT
M12,Sunil Narine,KKR,KXIP,RH,Defending,Sharjah,ALL,6,0,11,BOLD
M12,Pat Cummins,KKR,KXIP,RH,Defending,Sharjah,BALL,1,0,5,LBW
M12,Varun Chakravarthy,KKR,KXIP,RH,Defending,Sharjah,BALL,2,1,31,BOLD
M12,Kamlesh Nagarkoti,KKR,KXIP,RH,Defending,Sharjah,BALL,6,0,10,BOLD
M12,Prasidh Krishna,KKR,KXIP,RH,Defending,Sharjah,BALL,0,0,12,NO
M12,Lockie Ferguson,KKR,KXIP,RH,Defending,Sharjah,BALL,24,1,58,NO
M12,KL Rahul,KXIP,KKR,RH,Chasing,Sharjah,WK,28,,52,LBW
M12,Mandeep Singh,KXIP,KKR,RH,Chasing,Sharjah,BAT,66,,90,NO
M12,Chris Gayle,KXIP,KKR,LH,Chasing,Sharjah,BAT,51,,83,CAUGHT
M12,Nicolas Pooran,KXIP,KKR,LH,Chasing,Sharjah,WK,2,,14,NO
M12,Glenn Maxwell,KXIP,KKR,RH,Chasing,Sharjah,ALL,,1,25,
M12,Deepak Hooda,KXIP,KKR,RH,Chasing,Sharjah,BAT,,,4,
M12,Chris Jordan,KXIP,KKR,LH,Chasing,Sharjah,ALL,,2,54,
M12,Murugan Ashwin,KXIP,KKR,RH,Chasing,Sharjah,BALL,,1,37,
M12,Ravi Bishnoi,KXIP,KKR,RH,Chasing,Sharjah,BALL,,2,64,
M12,Mohammed Shami,KXIP,KKR,RH,Chasing,Sharjah,BALL,,3,79,
M12,Arshdeep Singh,KXIP,KKR,LH,Chasing,Sharjah,BALL,,0,2,
M12,Warner,SRH,DC,LH,Defending,Dubai,BAT,66,0,106,CAUGHT
M12,W Saha,SRH,DC,RH,Defending,Dubai,WK,87,,115,CAUGHT
M12,Manish Pandey,SRH,DC,RH,Defending,Dubai,BAT,44,,54,NO
M12,Kane Williamson,SRH,DC,RH,Defending,Dubai,BAT,11,,24,NO
M12,Jason Holder,SRH,DC,RH,Defending,Dubai,ALL,,1,23,
M12,Vijay Shankar,SRH,DC,RH,Defending,Dubai,ALL,,1,29,
M12,Abdul Samad,SRH,DC,LH,Defending,Dubai,ALL,,,12,
M12,Shahbaz Nadeem,SRH,DC,RH,Defending,Dubai,BAT,,1,29,
M12,Rashid Khan,SRH,DC,RH,Defending,Dubai,BALL,,3,85,
M12,Sandeep Sharma,SRH,DC,LH,Defending,Dubai,BALL,,2,54,
M12,Natarajan,SRH,DC,LH,Defending,Dubai,BALL,,2,54,
M12,A Rahane,DC,KKR,RH,Defending,Dubai,BAT,26,,35,LBW
M12,Shikhar Dhawan,DC,KKR,LH,Defending,Dubai,BAT,0,,2,CAUGHT
M12,Hetmeyer,DC,KKR,LH,Defending,Dubai,BAT,16,,23,BOLD
M12,Shreyas Iyer,DC,KKR,RH,Defending,Dubai,BAT,7,,15,CAUGHT
M12,Rishabh Pant,DC,KKR,LH,Defending,Dubai,WK,36,,45,CAUGHT
M12,Marcus Stoinis,DC,KKR,RH,Defending,Dubai,ALL,5,0,10,CAUGHT
M12,Ashwin,DC,KKR,RH,Defending,Dubai,BALL,7,1,31,CAUGHT
M12,Axar Patel,DC,KKR,LH,Defending,Dubai,ALL,1,0,11,CAUGHT
M12,Rabada,DC,KKR,RH,Defending,Dubai,BALL,3,0,1,BOLD
M12,Nortje,DC,KKR,LH,Defending,Dubai,BALL,1,1,28,CAUGHT
M12,T Deshpande,DC,KKR,RH,Defending,Dubai,BALL,20,0,22,NO
M12,Devdutt Padikkal,RCB,MI,LH,Defending,Sheikh Zayed,BAT,74,,108,CAUGHT
M12,Josh Phillipe,RCB,MI,RH,Defending,Sheikh Zayed,WK,33,,43,STUMPING
M12,Virat Kohli,RCB,MI,RH,Defending,Sheikh Zayed,BAT,9,,11,CAUGHT
M12,AB de Villiers,RCB,MI,RH,Defending,Sheikh Zayed,WK,15,,22,CAUGHT
M12,Gurkeerat Singh,RCB,MI,LH,Defending,Sheikh Zayed,ALL,14,,28,NO
M12,W Sundar,RCB,MI,LH,Defending,Sheikh Zayed,ALL,10,,17,NO
M12,Chris Morris,RCB,MI,RH,Defending,Sheikh Zayed,ALL,4,1,48,CAUGHT
M12,Mohammed Siraj,RCB,MI,RH,Defending,Sheikh Zayed,BAT,,2,62,
M12,Shivam Dube,RCB,MI,RH,Defending,Sheikh Zayed,BALL,2,0,6,CAUGHT
M12,Dale Steyn,RCB,MI,LH,Defending,Sheikh Zayed,BALL,,0,0,
M12,Y Chahal,RCB,MI,RH,Defending,Sheikh Zayed,BALL,,2,52,
M12,De Kock,MI,RCB,LH,Defending,Sheikh Zayed,WK,18,,36,CAUGHT
M12,S.Yadav,MI,RCB,RH,Defending,Sheikh Zayed,BAT,79,,115,NO
M12,Ishan Kishan,MI,RCB,LH,Defending,Sheikh Zayed,WK,25,,34,CAUGHT
M12,Krunal Pandya,MI,RCB,LH,Defending,Sheikh Zayed,ALL,10,0,15,CAUGHT
M12,Hardik Pandya,MI,RCB,RH,Defending,Sheikh Zayed,ALL,17,,25,CAUGHT
M12,Kieron Pollard,MI,RCB,RH,Defending,Sheikh Zayed,ALL,4,1,34,NO
M12,Pattinson,MI,RCB,RH,Defending,Sheikh Zayed,BALL,,0,6,
M12,Rahul Chahar,MI,RCB,RH,Defending,Sheikh Zayed,BALL,,1,33,
M12,Boult,MI,RCB,LH,Defending,Sheikh Zayed,BALL,,1,35,
M12,Bumrah,MI,RCB,RH,Defending,Sheikh Zayed,BALL,,3,93,
M12,Saurabh Tiwary,MI,RCB,LH,Defending,Sheikh Zayed,BAT,5,,17,CAUGHT
M13,Rahul Tripathi,KKR,CSK,RH,Defending,Dubai,BAT,3,,7,NO
M13,Shubman Gill,KKR,CSK,RH,Defending,Dubai,BAT,26,,34,BOLD
M13,Nitish Rana,KKR,CSK,LH,Defending,Dubai,BAT,87,0,117,CAUGHT
M13,Dinesh Karthik,KKR,CSK,RH,Defending,Dubai,WK,21,,28,NO
M13,Eoin Morgan,KKR,CSK,LH,Defending,Dubai,BAT,15,,21,CAUGHT
M13,Sunil Narine,KKR,CSK,RH,Defending,Dubai,ALL,7,0,23,CAUGHT
M13,Pat Cummins,KKR,CSK,RH,Defending,Dubai,BALL,,2,54,
M13,Varun Chakravarthy,KKR,CSK,RH,Defending,Dubai,BALL,,2,56,
M13,Kamlesh Nagarkoti,KKR,CSK,RH,Defending,Dubai,BALL,,0,-2,
M13,Rinku Singh,KKR,CSK,RH,Defending,Dubai,BAT,11,,24,CAUGHT
M13,Lockie Ferguson,KKR,CSK,RH,Defending,Dubai,BALL,,0,-2,
M13,Rituraj Gaikwad,CSK,KKR,RH,Chasing,Dubai,BAT,72,,102,BOLD
M13,Watson,CSK,KKR,RH,Chasing,Dubai,BAT,14,,21,CAUGHT
M13,Rayudu,CSK,KKR,RH,Chasing,Dubai,BAT,38,,57,CAUGHT
M13,MS Dhoni,CSK,KKR,RH,Chasing,Dubai,WK,1,,5,BOLD
M13,Sam Curran,CSK,KKR,LH,Chasing,Dubai,ALL,14,0,26,NO
M13,Jadeja,CSK,KKR,LH,Chasing,Dubai,ALL,31,1,76,NO
M13,Mitchell Santner,CSK,KKR,RH,Chasing,Dubai,BALL,,1,27,
M13,Deepak Chahar,CSK,KKR,RH,Chasing,Dubai,BALL,,0,0,
M13,Karn Sharma,CSK,KKR,RH,Chasing,Dubai,BALL,,1,29,
M13,Ngidi,CSK,KKR,RH,Chasing,Dubai,BALL,,2,54,
M13,Jagadeesan,CSK,KKR,LH,Chasing,Dubai,BAT,,,4,
M13,KL Rahul,KXIP,RR,RH,Defending,Sheikh Zayed,WK,46,,57,CAUGHT
M13,Mandeep Singh,KXIP,RR,RH,Defending,Sheikh Zayed,BAT,0,,2,CAUGHT
M13,Chris Gayle,KXIP,RR,LH,Defending,Sheikh Zayed,BAT,99,,133,BOLD
M13,Nicolas Pooran,KXIP,RR,LH,Defending,Sheikh Zayed,WK,22,,40,CAUGHT
M13,Glenn Maxwell,KXIP,RR,RH,Defending,Sheikh Zayed,ALL,6,,11,NO
M13,Deepak Hooda,KXIP,RR,RH,Defending,Sheikh Zayed,BAT,1,,13,NO
M13,Chris Jordan,KXIP,RR,LH,Defending,Sheikh Zayed,ALL,,1,23,
M13,Murugan Ashwin,KXIP,RR,RH,Defending,Sheikh Zayed,BALL,,1,25,
M13,Ravi Bishnoi,KXIP,RR,RH,Defending,Sheikh Zayed,BALL,,0,4,
M13,Mohammed Shami,KXIP,RR,RH,Defending,Sheikh Zayed,BALL,,0,-2,
M13,Arshdeep Singh,KXIP,RR,LH,Defending,Sheikh Zayed,BALL,,0,-2,
M13,Ben Stokes,RR,KXIP,LH,Chasing,Sheikh Zayed,ALL,50,2,132,CAUGHT
M13,Robin Uthappa,RR,KXIP,RH,Chasing,Sheikh Zayed,BAT,30,,39,CAUGHT
M13,Steve Smith,RR,KXIP,RH,Chasing,Sheikh Zayed,BAT,31,,40,NO
M13,Sanju Samson,RR,KXIP,RH,Chasing,Sheikh Zayed,WK,48,,62,RUNOUT
M13,Jos Butler,RR,KXIP,RH,Chasing,Sheikh Zayed,WK,22,,31,NO
M13,Riyag Parag,RR,KXIP,RH,Chasing,Sheikh Zayed,ALL,,,4,
M13,Rahul Tewatia,RR,KXIP,LH,Chasing,Sheikh Zayed,ALL,,0,20,
M13,Jofra Archer,RR,KXIP,RH,Chasing,Sheikh Zayed,BALL,,2,54,
M13,Shreyas Gopal,RR,KXIP,RH,Chasing,Sheikh Zayed,BALL,,0,4,
M13,K Tyagi,RR,KXIP,RH,Chasing,Sheikh Zayed,BALL,,0,-2,
M13,P.Shaw,DC,MI,RH,Defending,Dubai,BAT,10,,16,CAUGHT
M13,Shikhar Dhawan,DC,MI,LH,Defending,Dubai,BAT,0,,2,CAUGHT
M13,Hetmeyer,DC,MI,LH,Defending,Dubai,BAT,11,,16,CAUGHT
M13,Shreyas Iyer,DC,MI,RH,Defending,Dubai,BAT,25,,32,STUMPING
M13,Rishabh Pant,DC,MI,LH,Defending,Dubai,WK,21,,27,LBW
M13,Marcus Stoinis,DC,MI,RH,Defending,Dubai,ALL,2,0,6,CAUGHT
M13,Ashwin,DC,MI,RH,Defending,Dubai,BALL,12,0,22,CAUGHT
M13,H Patel,DC,MI,RH,Defending,Dubai,BALL,5,0,10,LBW
M13,Rabada,DC,MI,RH,Defending,Dubai,BALL,12,0,16,RUNOUT
M13,Nortje,DC,MI,LH,Defending,Dubai,BALL,,1,25,
M13,De Kock,MI,DC,LH,Defending,Dubai,WK,26,,60,BOLD
M13,S.Yadav,MI,DC,RH,Defending,Dubai,BAT,12,,25,NO
M13,Ishan Kishan,MI,DC,LH,Defending,Dubai,WK,72,,98,NO
M13,Krunal Pandya,MI,DC,LH,Defending,Dubai,ALL,,0,24,
M13,Kieron Pollard,MI,DC,RH,Defending,Dubai,ALL,,,4,
M13,Coulter Nile,MI,DC,RH,Defending,Dubai,BALL,,1,29,
M13,Rahul Chahar,MI,DC,RH,Defending,Dubai,BALL,,1,31,
M13,Boult,MI,DC,LH,Defending,Dubai,BALL,,3,81,
M13,Bumrah,MI,DC,RH,Defending,Dubai,BALL,,3,95,
M13,Saurabh Tiwary,MI,DC,LH,Defending,Dubai,BAT,,,4,
M13,Devdutt Padikkal,RCB,SRH,LH,Defending,Sheikh Zayed,BAT,5,,10,BOLD
M13,Josh Phillipe,RCB,SRH,RH,Defending,Sheikh Zayed,WK,32,,40,CAUGHT
M13,Virat Kohli,RCB,SRH,RH,Defending,Sheikh Zayed,BAT,7,,19,CAUGHT
M13,AB de Villiers,RCB,SRH,RH,Defending,Sheikh Zayed,WK,24,,43,CAUGHT
M13,Gurkeerat Singh,RCB,SRH,LH,Defending,Sheikh Zayed,ALL,15,,26,NO
M13,W Sundar,RCB,SRH,LH,Defending,Sheikh Zayed,ALL,21,1,52,CAUGHT
M13,Chris Morris,RCB,SRH,RH,Defending,Sheikh Zayed,ALL,3,0,13,CAUGHT
M13,Mohammed Siraj,RCB,SRH,RH,Defending,Sheikh Zayed,BAT,2,0,6,NO
M13,Navdeep Saini,RCB,SRH,RH,Defending,Sheikh Zayed,BALL,,1,23,
M13,Isuru Udana,RCB,SRH,LH,Defending,Sheikh Zayed,BALL,0,1,37,CAUGHT
M13,Y Chahal,RCB,SRH,RH,Defending,Sheikh Zayed,BALL,,2,56,
M13,Warner,SRH,RCB,LH,Chasing,Sheikh Zayed,BAT,8,,22,CAUGHT
M13,W Saha,SRH,RCB,RH,Chasing,Sheikh Zayed,WK,39,,49,STUMPING
M13,Manish Pandey,SRH,RCB,RH,Chasing,Sheikh Zayed,BAT,26,,43,CAUGHT
M13,Kane Williamson,SRH,RCB,RH,Chasing,Sheikh Zayed,BAT,8,,24,CAUGHT
M13,Jason Holder,SRH,RCB,RH,Chasing,Sheikh Zayed,ALL,26,2,87,NO
M13,Abhishek Sharma,SRH,RCB,RH,Chasing,Sheikh Zayed,ALL,,,22,CAUGHT
M13,Abdul Samad,SRH,RCB,LH,Chasing,Sheikh Zayed,ALL,,,4,
M13,Shahbaz Nadeem,SRH,RCB,RH,Chasing,Sheikh Zayed,BAT,,1,29,
M13,Rashid Khan,SRH,RCB,RH,Chasing,Sheikh Zayed,BALL,,1,31,
M13,Sandeep Sharma,SRH,RCB,LH,Chasing,Sheikh Zayed,BALL,,2,56,
M13,Natarajan,SRH,RCB,LH,Chasing,Sheikh Zayed,BALL,,1,43,
M14,KL Rahul,KXIP,CSK,RH,Defending,Sheikh Zayed,WK,29,,46,BOLD
M14,Mandeep Singh,KXIP,CSK,RH,Defending,Sheikh Zayed,BAT,14,,19,BOLD
M14,Chris Gayle,KXIP,CSK,LH,Defending,Sheikh Zayed,BAT,12,0,14,LBW
M14,Nicolas Pooran,KXIP,CSK,LH,Defending,Sheikh Zayed,WK,2,,6,CAUGHT
M14,James Neesham,KXIP,CSK,LH,Defending,Sheikh Zayed,ALL,2,0,6,CAUGHT
M14,Deepak Hooda,KXIP,CSK,RH,Defending,Sheikh Zayed,BAT,62,,85,NO
M14,Chris Jordan,KXIP,CSK,LH,Defending,Sheikh Zayed,ALL,4,1,29,NO
M14,Murugan Ashwin,KXIP,CSK,RH,Defending,Sheikh Zayed,BALL,,0,8,
M14,Ravi Bishnoi,KXIP,CSK,RH,Defending,Sheikh Zayed,BALL,,0,2,
M14,Mohammed Shami,KXIP,CSK,RH,Defending,Sheikh Zayed,BALL,,0,4,
M14,Mayank Agarwal,KXIP,CSK,RH,Defending,Sheikh Zayed,BAT,26,,35,
M14,Rituraj Gaikwad,CSK,KXIP,RH,Chasing,Sheikh Zayed,BAT,62,,90,NO
M14,Du Plesis,CSK,KXIP,RH,Chasing,Sheikh Zayed,BAT,48,,60,CAUGHT
M14,Rayudu,CSK,KXIP,RH,Chasing,Sheikh Zayed,BAT,30,,36,NO
M14,MS Dhoni,CSK,KXIP,RH,Chasing,Sheikh Zayed,WK,,,12,
M14,Sam Curran,CSK,KXIP,LH,Chasing,Sheikh Zayed,ALL,,0,4,
M14,Jadeja,CSK,KXIP,LH,Chasing,Sheikh Zayed,ALL,,1,31,
M14,Deepak Chahar,CSK,KXIP,RH,Chasing,Sheikh Zayed,BALL,,0,2,
M14,S Thakur,CSK,KXIP,RH,Chasing,Sheikh Zayed,BALL,,1,29,
M14,Ngidi,CSK,KXIP,RH,Chasing,Sheikh Zayed,BALL,,3,77,
M14,Jagadeesan,CSK,KXIP,LH,Chasing,Sheikh Zayed,BAT,,,4,
M14,Ben Stokes,RR,KKR,LH,Chasing,Dubai,ALL,18,0,28,CAUGHT
M14,Robin Uthappa,RR,KKR,RH,Chasing,Dubai,BAT,6,,20,CAUGHT
M14,Steve Smith,RR,KKR,RH,Chasing,Dubai,BAT,4,,17,BOLD
M14,Sanju Samson,RR,KKR,RH,Chasing,Dubai,WK,1,,21,CAUGHT
M14,Jos Butler,RR,KKR,RH,Chasing,Dubai,WK,35,,53,CAUGHT
M14,Riyag Parag,RR,KKR,RH,Chasing,Dubai,ALL,0,,2,CAUGHT
M14,Rahul Tewatia,RR,KKR,LH,Chasing,Dubai,ALL,31,3,114,CAUGHT
M14,Jofra Archer,RR,KKR,RH,Chasing,Dubai,BALL,6,1,39,CAUGHT
M14,Shreyas Gopal,RR,KKR,RH,Chasing,Dubai,BALL,23,1,48,NO
M14,K Tyagi,RR,KKR,RH,Chasing,Dubai,BALL,2,2,54,CAUGHT
M14,Rahul Tripathi,KKR,RR,RH,Defending,Dubai,BAT,39,,51,CAUGHT
M14,Shubman Gill,KKR,RR,RH,Defending,Dubai,BAT,36,,46,CAUGHT
M14,Nitish Rana,KKR,RR,LH,Defending,Dubai,BAT,0,,2,CAUGHT
M14,Dinesh Karthik,KKR,RR,RH,Defending,Dubai,WK,0,,34,CAUGHT
M14,Eoin Morgan,KKR,RR,LH,Defending,Dubai,BAT,68,,97,NO
M14,Sunil Narine,KKR,RR,RH,Defending,Dubai,ALL,0,0,0,CAUGHT
M14,Pat Cummins,KKR,RR,RH,Defending,Dubai,BALL,15,4,137,CAUGHT
M14,Varun Chakravarthy,KKR,RR,RH,Defending,Dubai,BALL,,2,56,
M14,Kamlesh Nagarkoti,KKR,RR,RH,Defending,Dubai,BALL,1,1,40,NO
M14,Shivam Mavi,KKR,RR,RH,Defending,Dubai,BALL,,2,84,
M14,Andre Russell,KKR,RR,RH,Defending,Dubai,ALL,25,,36,CAUGHT
M14,Devdutt Padikkal,RCB,DC,LH,Defending,Sheikh Zayed,BAT,50,,67,BOLD
M14,Josh Phillipe,RCB,DC,RH,Defending,Sheikh Zayed,WK,12,,17,CAUGHT
M14,Virat Kohli,RCB,DC,RH,Defending,Sheikh Zayed,BAT,29,,37,CAUGHT
M14,AB de Villiers,RCB,DC,RH,Defending,Sheikh Zayed,WK,35,,44,RUNOUT
M14,Shivam Dube,RCB,DC,LH,Defending,Sheikh Zayed,ALL,17,,41,CAUGHT
M14,W Sundar,RCB,DC,LH,Defending,Sheikh Zayed,ALL,0,1,31,NO
M14,Chris Morris,RCB,DC,RH,Defending,Sheikh Zayed,ALL,0,0,0,CAUGHT
M14,Mohammed Siraj,RCB,DC,RH,Defending,Sheikh Zayed,BAT,,1,35,
M14,Shahbaz Ahmed,RCB,DC,LH,Defending,Sheikh Zayed,ALL,1,2,55,NO
M14,Isuru Udana,RCB,DC,LH,Defending,Sheikh Zayed,BALL,4,0,3,CAUGHT
M14,Y Chahal,RCB,DC,RH,Defending,Sheikh Zayed,BALL,,0,4,
M14,P.Shaw,DC,RCB,RH,Chasing,Sheikh Zayed,BAT,9,,23,BOLD
M14,Shikhar Dhawan,DC,RCB,LH,Chasing,Sheikh Zayed,BAT,54,,72,CAUGHT
M14,Axar Patel,DC,RCB,LH,Chasing,Sheikh Zayed,ALL,,0,4,
M14,Shreyas Iyer,DC,RCB,RH,Chasing,Sheikh Zayed,BAT,7,,19,CAUGHT
M14,Rishabh Pant,DC,RCB,LH,Chasing,Sheikh Zayed,WK,8,,27,NO
M14,Marcus Stoinis,DC,RCB,RH,Chasing,Sheikh Zayed,ALL,10,,24,NO
M14,Ashwin,DC,RCB,RH,Chasing,Sheikh Zayed,BALL,,1,33,
M14,Daniel Sams,DC,RCB,RH,Chasing,Sheikh Zayed,ALL,,0,2,
M14,Rabada,DC,RCB,RH,Chasing,Sheikh Zayed,BALL,,2,54,
M14,Nortje,DC,RCB,LH,Chasing,Sheikh Zayed,BALL,,3,79,
M14,A Rahane,DC,RCB,RH,Chasing,Sheikh Zayed,BAT,60,,93,
M14,De Kock,MI,SRH,LH,Defending,Sharjah,WK,25,,35,BOLD
M14,S.Yadav,MI,SRH,RH,Defending,Sharjah,BAT,36,,45,STUMPING
M14,Ishan Kishan,MI,SRH,LH,Defending,Sharjah,WK,33,,42,BOLD
M14,Krunal Pandya,MI,SRH,LH,Defending,Sharjah,ALL,0,0,-4,CAUGHT
M14,Rohit Sharma,MI,SRH,RH,Defending,Sharjah,BAT,4,,8,CAUGHT
M14,Kieron Pollard,MI,SRH,RH,Defending,Sharjah,ALL,41,,55,BOLD
M14,Coulter Nile,MI,SRH,RH,Defending,Sharjah,BALL,1,0,5,CAUGHT
M14,Rahul Chahar,MI,SRH,RH,Defending,Sharjah,BALL,,0,2,
M14,Pattinson,MI,SRH,RH,Defending,Sharjah,BALL,4,0,6,NO
M14,Saurabh Tiwary,MI,SRH,LH,Defending,Sharjah,BAT,1,,5,CAUGHT
M14,Warner,SRH,MI,LH,Chasing,Sharjah,BAT,85,,117,NO
M14,W Saha,SRH,MI,RH,Chasing,Sharjah,WK,58,,99,NO
M14,Manish Pandey,SRH,MI,RH,Chasing,Sharjah,BAT,,,4,
M14,Kane Williamson,SRH,MI,RH,Chasing,Sharjah,BAT,,,12,
M14,Jason Holder,SRH,MI,RH,Chasing,Sharjah,ALL,,2,54,
M14,Priyam Garg,SRH,MI,RH,Chasing,Sharjah,BAT,,,12,
M14,Abdul Samad,SRH,MI,LH,Chasing,Sharjah,ALL,,,4,
M14,Shahbaz Nadeem,SRH,MI,RH,Chasing,Sharjah,BAT,,2,58,
M14,Rashid Khan,SRH,MI,RH,Chasing,Sharjah,BALL,,1,29,
M14,Sandeep Sharma,SRH,MI,LH,Chasing,Sharjah,BALL,,3,79,
M14,Natarajan,SRH,MI,LH,Chasing,Sharjah,BALL,,0,2,
M15,De Kock,MI,DC,LH,Defending,Dubai,WK,40,,67,CAUGHT
M15,S.Yadav,MI,DC,RH,Defending,Dubai,BAT,51,,81,CAUGHT
M15,Ishan Kishan,MI,DC,LH,Defending,Dubai,WK,55,,77,NO
M15,Krunal Pandya,MI,DC,LH,Defending,Dubai,ALL,13,1,46,CAUGHT
M15,Rohit Sharma,MI,DC,RH,Defending,Dubai,BAT,0,,10,LBW
M15,Kieron Pollard,MI,DC,RH,Defending,Dubai,ALL,0,1,25,CAUGHT
M15,Coulter Nile,MI,DC,RH,Defending,Dubai,BALL,,0,4,
M15,Rahul Chahar,MI,DC,RH,Defending,Dubai,BALL,,0,6,
M15,Boult,MI,DC,LH,Defending,Dubai,BALL,,2,66,
M15,Bumrah,MI,DC,RH,Defending,Dubai,BALL,,4,126,
M15,Hardik Pandya,MI,DC,RH,Defending,Dubai,ALL,37,,51,NO
M15,P.Shaw,DC,MI,RH,Chasing,Dubai,BAT,0,,2,CAUGHT
M15,Shikhar Dhawan,DC,MI,LH,Chasing,Dubai,BAT,0,,10,BOLD
M15,Axar Patel,DC,MI,LH,Chasing,Dubai,ALL,42,0,52,CAUGHT
M15,Shreyas Iyer,DC,MI,RH,Chasing,Dubai,BAT,12,,19,CAUGHT
M15,Rishabh Pant,DC,MI,LH,Chasing,Dubai,WK,3,,7,CAUGHT
M15,Marcus Stoinis,DC,MI,RH,Chasing,Dubai,ALL,65,1,114,BOLD
M15,Ashwin,DC,MI,RH,Chasing,Dubai,BALL,,3,79,
M15,Daniel Sams,DC,MI,RH,Chasing,Dubai,ALL,0,0,14,CAUGHT
M15,Rabada,DC,MI,RH,Chasing,Dubai,BALL,15,0,25,NO
M15,Nortje,DC,MI,LH,Chasing,Dubai,BALL,,1,23,
M15,A Rahane,DC,MI,RH,Chasing,Dubai,BAT,0,,2,LBW
M15,Devdutt Padikkal,RCB,SRH,LH,Defending,Sheikh Zayed,BAT,1,,5,CAUGHT
M15,Aaron Finch,RCB,SRH,RH,Defending,Sheikh Zayed,WK,32,,41,CAUGHT
M15,Virat Kohli,RCB,SRH,RH,Defending,Sheikh Zayed,BAT,6,,10,CAUGHT
M15,AB de Villiers,RCB,SRH,RH,Defending,Sheikh Zayed,WK,56,,97,BOLD
M15,Shivam Dube,RCB,SRH,LH,Defending,Sheikh Zayed,ALL,8,0,10,CAUGHT
M15,W Sundar,RCB,SRH,LH,Defending,Sheikh Zayed,ALL,5,0,5,CAUGHT
M15,Moeen Ali,RCB,SRH,LH,Defending,Sheikh Zayed,ALL,0,0,2,RUNOUT
M15,Mohammed Siraj,RCB,SRH,RH,Defending,Sheikh Zayed,BAT,10,2,65,NO
M15,Adam Zampa,RCB,SRH,RH,Defending,Sheikh Zayed,BALL,,1,43,
M15,Navdeep Saini,RCB,SRH,RH,Defending,Sheikh Zayed,BALL,9,0,14,NO
M15,Y Chahal,RCB,SRH,RH,Defending,Sheikh Zayed,BALL,,1,31,
M15,Warner,SRH,RCB,LH,Chasing,Sheikh Zayed,BAT,17,,32,CAUGHT
M15,S Goswami,SRH,RCB,RH,Chasing,Sheikh Zayed,WK,0,,10,CAUGHT
M15,Manish Pandey,SRH,RCB,RH,Chasing,Sheikh Zayed,BAT,24,,33,CAUGHT
M15,Kane Williamson,SRH,RCB,RH,Chasing,Sheikh Zayed,BAT,50,,68,NO
M15,Jason Holder,SRH,RCB,RH,Chasing,Sheikh Zayed,ALL,24,3,106,NO
M15,Priyam Garg,SRH,RCB,RH,Chasing,Sheikh Zayed,BAT,7,,15,CAUGHT
M15,Abdul Samad,SRH,RCB,LH,Chasing,Sheikh Zayed,ALL,,,20,
M15,Shahbaz Nadeem,SRH,RCB,RH,Chasing,Sheikh Zayed,BAT,,1,29,
M15,Rashid Khan,SRH,RCB,RH,Chasing,Sheikh Zayed,BALL,,0,18,
M15,Sandeep Sharma,SRH,RCB,LH,Chasing,Sheikh Zayed,BALL,,0,6,
M15,Natarajan,SRH,RCB,LH,Chasing,Sheikh Zayed,BALL,,2,54,
M16,Marcus Stoinis,DC,SRH,RH,Defending,Sheikh Zayed,ALL,38,3,132,BOLD
M16,Shikhar Dhawan,DC,SRH,LH,Defending,Sheikh Zayed,BAT,78,,100,LBW
M16,Shreyas Iyer,DC,SRH,RH,Defending,Sheikh Zayed,BAT,21,,26,CAUGHT
M16,Hetmeyer,DC,SRH,LH,Defending,Sheikh Zayed,BAT,42,,52,NO
M16,Rishabh Pant,DC,SRH,LH,Defending,Sheikh Zayed,WK,2,,6,NO
M16,A Rahane,DC,SRH,RH,Defending,Sheikh Zayed,BAT,,,4,
M16,Axar Patel,DC,SRH,LH,Defending,Sheikh Zayed,BALL,,1,37,
M16,Rabada,DC,SRH,LH,Defending,Sheikh Zayed,BALL,,4,120,
M16,Nortje,DC,SRH,RH,Defending,Sheikh Zayed,BALL,,0,10,
M16,Ashwin,DC,SRH,RH,Defending,Sheikh Zayed,BALL,,0,0,
M16,S Goswami,SRH,DC,RH,Chasing,Sheikh Zayed,WK,0,,2,CAUGHT
M16,Warner,SRH,DC,LH,Chasing,Sheikh Zayed,BAT,2,,6,BOLD
M16,Manish Pandey,SRH,DC,RH,Chasing,Sheikh Zayed,BAT,21,,36,CAUGHT
M16,Kane Williamson,SRH,DC,RH,Chasing,Sheikh Zayed,BAT,67,,92,CAUGHT
M16,Jason Holder,SRH,DC,RH,Chasing,Sheikh Zayed,ALL,11,1,35,CAUGHT
M16,Priyam Garg,SRH,DC,RH,Chasing,Sheikh Zayed,BAT,17,,25,BOLD
M16,Abdul Samad,SRH,DC,LH,Chasing,Sheikh Zayed,ALL,33,,43,CAUGHT
M16,Shahbaz Nadeem,SRH,DC,RH,Chasing,Sheikh Zayed,BAT,2,0,0,NO
M16,Rashid Khan,SRH,DC,RH,Chasing,Sheikh Zayed,BALL,11,1,43,CAUGHT
M16,Sandeep Sharma,SRH,DC,LH,Chasing,Sheikh Zayed,BALL,2,1,31,NO
M16,Natarajan,SRH,DC,LH,Chasing,Sheikh Zayed,BALL,,0,4,
M17,Marcus Stoinis,DC,MI,RH,Defending,Dubai,ALL,0,1,21,CAUGHT
M17,Shikhar Dhawan,DC,MI,LH,Defending,Dubai,BAT,15,,22,BOLD
M17,Shreyas Iyer,DC,MI,RH,Defending,Dubai,BAT,65,,87,NO
M17,Hetmeyer,DC,MI,LH,Defending,Dubai,BAT,5,,10,CAUGHT
M17,Rishabh Pant,DC,MI,LH,Defending,Dubai,WK,56,,90,CAUGHT
M17,A Rahane,DC,MI,RH,Defending,Dubai,BAT,2,,14,CAUGHT
M17,Axar Patel,DC,MI,LH,Defending,Dubai,BALL,9,0,18,CAUGHT
M17,Rabada,DC,MI,LH,Defending,Dubai,BALL,0,1,25,RUNOUT
M17,Nortje,DC,MI,RH,Defending,Dubai,BALL,,2,52,
M17,Ashwin,DC,MI,RH,Defending,Dubai,BALL,,0,4,
M16,De Kock,MI,DC,LH,Defending,Dubai,WK,20,,45,CAUGHT
M16,S.Yadav,MI,DC,RH,Defending,Dubai,BAT,19,,32,RUNOUT
M16,Ishan Kishan,MI,DC,LH,Defending,Dubai,WK,33,,42,NO
M16,Krunal Pandya,MI,DC,LH,Defending,Dubai,ALL,1,0,3,NO
M16,Rohit Sharma,MI,DC,RH,Defending,Dubai,BAT,68,,93,CAUGHT
M16,Kieron Pollard,MI,DC,RH,Defending,Dubai,ALL,9,0,15,BOLD
M16,Coulter Nile,MI,DC,RH,Defending,Dubai,BALL,,2,68,
M16,Boult,MI,DC,LH,Defending,Dubai,BALL,, ,79,
M16,Bumrah,MI,DC,RH,Defending,Dubai,BALL,,0,4,
M16,Hardik Pandya,MI,DC,RH,Defending,Dubai,ALL,3,,15,CAUGHT
,,,,,,,,,,,RUNOUT
